"代码","简称","时间","开盘价(元)","收盘价(元)","最高价(元)","最低价(元)"
"000990.SH","全指消费","2011/08/02","7,037.2600","7,022.3300","7,037.2600","6,923.5400"
"000990.SH","全指消费","2011/08/03","6,959.9200","7,095.1500","7,114.3500","6,953.3300"
"000990.SH","全指消费","2011/08/04","7,106.5400","7,147.0600","7,168.7800","7,105.4200"
"000990.SH","全指消费","2011/08/05","6,958.9900","7,058.6000","7,106.9700","6,930.6100"
"000990.SH","全指消费","2011/08/08","6,980.0500","6,861.8800","7,056.4200","6,727.3100"
"000990.SH","全指消费","2011/08/09","6,685.7200","6,892.3800","6,925.4000","6,599.7400"
"000990.SH","全指消费","2011/08/10","6,978.6400","7,035.5500","7,063.2800","6,947.7500"
"000990.SH","全指消费","2011/08/11","6,933.1200","7,244.3900","7,244.7100","6,927.4000"
"000990.SH","全指消费","2011/08/12","7,268.5700","7,297.5400","7,322.1300","7,247.9500"
"000990.SH","全指消费","2011/08/15","7,321.6300","7,317.3200","7,363.8700","7,294.3200"
"000990.SH","全指消费","2011/08/16","7,334.4600","7,250.4800","7,353.5000","7,220.9500"
"000990.SH","全指消费","2011/08/17","7,240.8800","7,238.8200","7,294.4400","7,223.0100"
"000990.SH","全指消费","2011/08/18","7,227.8500","7,140.9200","7,255.6200","7,136.6300"
"000990.SH","全指消费","2011/08/19","7,031.3600","7,128.0300","7,131.5300","7,022.3400"
"000990.SH","全指消费","2011/08/22","7,117.8100","6,986.4200","7,160.6600","6,964.8600"
"000990.SH","全指消费","2011/08/23","6,984.5100","7,049.6200","7,061.4000","6,977.1200"
"000990.SH","全指消费","2011/08/24","7,076.2400","7,070.3400","7,120.6700","7,052.0300"
"000990.SH","全指消费","2011/08/25","7,080.6300","7,170.8100","7,171.4600","7,062.9900"
"000990.SH","全指消费","2011/08/26","7,154.6200","7,196.7400","7,202.7400","7,127.3600"
"000990.SH","全指消费","2011/08/29","7,161.7800","7,242.5800","7,263.8700","7,140.5500"
"000990.SH","全指消费","2011/08/30","7,272.6500","7,191.7100","7,315.5700","7,182.3300"
"000990.SH","全指消费","2011/08/31","7,220.8400","7,178.9400","7,244.1200","7,140.7600"
"000990.SH","全指消费","2011/09/01","7,191.1000","7,081.3600","7,199.4400","7,047.8400"
"000990.SH","全指消费","2011/09/02","7,066.3300","7,003.1600","7,084.1100","6,965.9100"
"000990.SH","全指消费","2011/09/05","6,954.0160","6,893.3650","6,957.4450","6,889.3830"
"000990.SH","全指消费","2011/09/06","6,856.3600","6,790.2130","6,895.6050","6,760.9920"
"000990.SH","全指消费","2011/09/07","6,807.8470","6,938.1310","6,938.3820","6,807.8470"
"000990.SH","全指消费","2011/09/08","6,957.6820","6,879.8660","6,969.4780","6,879.8280"
"000990.SH","全指消费","2011/09/09","6,901.9370","6,841.1680","6,959.7350","6,813.1280"
"000990.SH","全指消费","2011/09/13","6,761.2240","6,736.9150","6,774.8410","6,716.4710"
"000990.SH","全指消费","2011/09/14","6,755.5420","6,732.1940","6,781.8390","6,593.1650"
"000990.SH","全指消费","2011/09/15","6,735.6650","6,748.8830","6,791.1560","6,723.2020"
"000990.SH","全指消费","2011/09/16","6,775.2740","6,771.4370","6,798.7890","6,749.4480"
"000990.SH","全指消费","2011/09/19","6,760.5750","6,693.4480","6,760.5750","6,691.1100"
"000990.SH","全指消费","2011/09/20","6,678.1110","6,682.9320","6,717.6460","6,633.4260"
"000990.SH","全指消费","2011/09/21","6,688.5740","6,835.6310","6,840.9330","6,664.6450"
"000990.SH","全指消费","2011/09/22","6,791.4390","6,666.2660","6,819.6510","6,665.2100"
"000990.SH","全指消费","2011/09/23","6,553.4640","6,559.5200","6,613.8740","6,467.3060"
"000990.SH","全指消费","2011/09/26","6,499.8200","6,424.4040","6,573.4880","6,406.0560"
"000990.SH","全指消费","2011/09/27","6,460.3460","6,442.9190","6,482.4000","6,371.9770"
"000990.SH","全指消费","2011/09/28","6,469.2300","6,351.7070","6,481.3140","6,329.4560"
"000990.SH","全指消费","2011/09/29","6,306.5360","6,242.3740","6,343.3160","6,240.4960"
"000990.SH","全指消费","2011/09/30","6,257.3820","6,272.6780","6,298.6330","6,221.4360"
"000990.SH","全指消费","2011/10/10","6,277.1760","6,213.1070","6,299.4720","6,205.6950"
"000990.SH","全指消费","2011/10/11","6,323.7100","6,156.7800","6,349.6400","6,095.8700"
"000990.SH","全指消费","2011/10/12","6,140.8900","6,340.8900","6,342.9400","6,103.5300"
"000990.SH","全指消费","2011/10/13","6,328.2800","6,418.3100","6,440.9600","6,306.8100"
"000990.SH","全指消费","2011/10/14","6,408.9000","6,376.7500","6,419.6600","6,343.3900"
"000990.SH","全指消费","2011/10/17","6,390.3400","6,471.3200","6,473.1200","6,389.4100"
"000990.SH","全指消费","2011/10/18","6,441.3400","6,379.9500","6,494.7600","6,374.9100"
"000990.SH","全指消费","2011/10/19","6,391.2400","6,366.9200","6,437.8800","6,350.9300"
"000990.SH","全指消费","2011/10/20","6,328.4200","6,189.7200","6,333.8500","6,157.1900"
"000990.SH","全指消费","2011/10/21","6,186.2600","6,157.7100","6,216.0500","6,136.8000"
"000990.SH","全指消费","2011/10/24","6,168.8800","6,289.8200","6,289.8200","6,106.4200"
"000990.SH","全指消费","2011/10/25","6,271.6000","6,402.8600","6,412.3900","6,265.9300"
"000990.SH","全指消费","2011/10/26","6,376.8900","6,456.4200","6,491.2200","6,366.1300"
"000990.SH","全指消费","2011/10/27","6,472.6800","6,468.8100","6,508.4800","6,446.7100"
"000990.SH","全指消费","2011/10/28","6,520.3000","6,576.2400","6,579.0300","6,516.4100"
"000990.SH","全指消费","2011/10/31","6,586.2600","6,595.4900","6,630.7400","6,560.0700"
"000990.SH","全指消费","2011/11/01","6,554.9300","6,627.9300","6,660.5900","6,541.7900"
"000990.SH","全指消费","2011/11/02","6,552.8900","6,724.7100","6,726.5100","6,536.5400"
"000990.SH","全指消费","2011/11/03","6,751.1900","6,745.3300","6,822.2400","6,744.0100"
"000990.SH","全指消费","2011/11/04","6,782.4300","6,785.9400","6,816.8100","6,748.6800"
"000990.SH","全指消费","2011/11/07","6,768.6100","6,761.1800","6,826.9300","6,750.1100"
"000990.SH","全指消费","2011/11/08","6,777.9400","6,710.6200","6,786.4900","6,696.2600"
"000990.SH","全指消费","2011/11/09","6,728.2300","6,806.9300","6,809.2300","6,693.3500"
"000990.SH","全指消费","2011/11/10","6,744.7500","6,740.3000","6,779.1400","6,727.3700"
"000990.SH","全指消费","2011/11/11","6,733.7800","6,721.5500","6,757.8300","6,705.2500"
"000990.SH","全指消费","2011/11/14","6,755.1300","6,844.7700","6,844.7700","6,755.1100"
"000990.SH","全指消费","2011/11/15","6,842.3000","6,828.2800","6,858.7800","6,791.8100"
"000990.SH","全指消费","2011/11/16","6,824.8300","6,691.8600","6,826.3300","6,668.9500"
"000990.SH","全指消费","2011/11/17","6,682.4000","6,698.2900","6,747.4200","6,682.4000"
"000990.SH","全指消费","2011/11/18","6,661.9300","6,574.0100","6,676.4900","6,561.3600"
"000990.SH","全指消费","2011/11/21","6,570.5400","6,595.5600","6,603.3400","6,554.6000"
"000990.SH","全指消费","2011/11/22","6,563.6300","6,688.8900","6,689.5000","6,554.0100"
"000990.SH","全指消费","2011/11/23","6,696.3800","6,728.4200","6,749.9800","6,654.1200"
"000990.SH","全指消费","2011/11/24","6,705.8700","6,753.2800","6,781.1100","6,687.5100"
"000990.SH","全指消费","2011/11/25","6,767.3100","6,775.7800","6,819.1500","6,744.9100"
"000990.SH","全指消费","2011/11/28","6,779.9600","6,832.1700","6,840.4000","6,773.8900"
"000990.SH","全指消费","2011/11/29","6,860.5200","6,869.5000","6,870.7100","6,823.5300"
"000990.SH","全指消费","2011/11/30","6,855.2600","6,707.2500","6,866.0700","6,640.0300"
"000990.SH","全指消费","2011/12/01","6,816.4500","6,779.4000","6,859.8100","6,752.9200"
"000990.SH","全指消费","2011/12/02","6,747.2700","6,696.9400","6,785.7900","6,682.5500"
"000990.SH","全指消费","2011/12/05","6,690.4400","6,505.5900","6,691.3800","6,493.4900"
"000990.SH","全指消费","2011/12/06","6,483.4300","6,445.0700","6,483.5300","6,380.4800"
"000990.SH","全指消费","2011/12/07","6,430.3300","6,464.5700","6,482.7000","6,416.6700"
"000990.SH","全指消费","2011/12/08","6,436.4100","6,429.2700","6,499.4200","6,359.0600"
"000990.SH","全指消费","2011/12/09","6,380.8900","6,311.4300","6,397.9500","6,281.7500"
"000990.SH","全指消费","2011/12/12","6,290.5300","6,239.2400","6,310.3500","6,223.5000"
"000990.SH","全指消费","2011/12/13","6,216.4700","6,097.1000","6,217.5000","6,079.5800"
"000990.SH","全指消费","2011/12/14","6,053.2800","6,025.8500","6,126.1500","6,014.7700"
"000990.SH","全指消费","2011/12/15","5,985.0700","5,935.5600","5,988.5800","5,879.1700"
"000990.SH","全指消费","2011/12/16","5,940.0400","6,040.3500","6,040.3500","5,920.3600"
"000990.SH","全指消费","2011/12/19","5,997.9600","6,007.6100","6,014.3600","5,880.3300"
"000990.SH","全指消费","2011/12/20","5,997.3100","5,986.7600","6,063.7600","5,970.9100"
"000990.SH","全指消费","2011/12/21","6,008.3100","5,884.5600","6,033.4000","5,880.4900"
"000990.SH","全指消费","2011/12/22","5,843.4300","5,850.8100","5,881.3600","5,733.5200"
"000990.SH","全指消费","2011/12/23","5,843.1600","5,867.9800","5,909.3500","5,817.5400"
"000990.SH","全指消费","2011/12/26","5,848.8700","5,780.5300","5,849.1200","5,769.7900"
"000990.SH","全指消费","2011/12/27","5,755.7800","5,599.2200","5,755.7800","5,584.8900"
"000990.SH","全指消费","2011/12/28","5,564.7800","5,568.1800","5,572.5200","5,452.0500"
"000990.SH","全指消费","2011/12/29","5,543.9600","5,611.5800","5,633.9800","5,532.3000"
"000990.SH","全指消费","2011/12/30","5,626.2400","5,712.1300","5,715.0600","5,626.2400"
"000990.SH","全指消费","2012/01/04","5,732.1100","5,517.3100","5,739.5500","5,517.1100"
"000990.SH","全指消费","2012/01/05","5,484.9100","5,353.1800","5,485.3700","5,333.1900"
"000990.SH","全指消费","2012/01/06","5,338.9300","5,370.6600","5,373.8100","5,269.6400"
"000990.SH","全指消费","2012/01/09","5,371.8700","5,495.8600","5,496.4400","5,273.5400"
"000990.SH","全指消费","2012/01/10","5,485.4900","5,714.3200","5,716.8700","5,473.5400"
"000990.SH","全指消费","2012/01/11","5,700.6200","5,703.9200","5,730.9200","5,660.1600"
"000990.SH","全指消费","2012/01/12","5,678.0400","5,663.6200","5,741.0300","5,663.6200"
"000990.SH","全指消费","2012/01/13","5,669.4200","5,526.7600","5,692.1600","5,489.2600"
"000990.SH","全指消费","2012/01/16","5,483.3700","5,282.9000","5,483.3700","5,277.0900"
"000990.SH","全指消费","2012/01/17","5,283.3900","5,495.5000","5,507.4900","5,198.5900"
"000990.SH","全指消费","2012/01/18","5,500.0500","5,310.5000","5,524.7400","5,293.7100"
"000990.SH","全指消费","2012/01/19","5,311.1500","5,387.2800","5,426.3000","5,268.6700"
"000990.SH","全指消费","2012/01/20","5,404.0200","5,531.7500","5,538.8100","5,404.0200"
"000990.SH","全指消费","2012/01/30","5,548.8200","5,483.9900","5,551.3300","5,454.2300"
"000990.SH","全指消费","2012/01/31","5,486.1900","5,525.9500","5,526.4900","5,464.9900"
"000990.SH","全指消费","2012/02/01","5,516.8000","5,531.9500","5,610.8900","5,492.5000"
"000990.SH","全指消费","2012/02/02","5,557.5900","5,598.7100","5,599.2000","5,522.1800"
"000990.SH","全指消费","2012/02/03","5,589.1200","5,642.1200","5,653.9100","5,551.2600"
"000990.SH","全指消费","2012/02/06","5,645.3700","5,720.8200","5,721.3000","5,639.3000"
"000990.SH","全指消费","2012/02/07","5,690.9600","5,639.1600","5,697.1300","5,607.3000"
"000990.SH","全指消费","2012/02/08","5,628.6900","5,761.7200","5,764.9100","5,611.4400"
"000990.SH","全指消费","2012/02/09","5,752.1200","5,794.0400","5,824.4600","5,746.6900"
"000990.SH","全指消费","2012/02/10","5,773.2400","5,824.5300","5,843.9700","5,760.0700"
"000990.SH","全指消费","2012/02/13","5,780.4500","5,897.0000","5,932.3100","5,764.8300"
"000990.SH","全指消费","2012/02/14","5,891.1800","5,894.2200","5,917.5900","5,857.5700"
"000990.SH","全指消费","2012/02/15","5,879.4700","5,947.6000","5,963.2300","5,871.8600"
"000990.SH","全指消费","2012/02/16","5,931.3700","5,904.3000","5,957.8700","5,865.5500"
"000990.SH","全指消费","2012/02/17","5,926.5000","5,893.7400","5,947.0600","5,859.9800"
"000990.SH","全指消费","2012/02/20","5,952.8800","5,882.3200","5,955.1100","5,881.9600"
"000990.SH","全指消费","2012/02/21","5,895.9100","5,949.8400","5,952.4900","5,852.4200"
"000990.SH","全指消费","2012/02/22","5,952.4100","6,026.4400","6,026.9800","5,934.7600"
"000990.SH","全指消费","2012/02/23","6,025.7500","6,075.0300","6,087.8900","6,012.7300"
"000990.SH","全指消费","2012/02/24","6,073.7700","6,139.7900","6,143.8900","6,070.0400"
"000990.SH","全指消费","2012/02/27","6,146.0600","6,158.8100","6,239.0300","6,146.0600"
"000990.SH","全指消费","2012/02/28","6,147.1600","6,195.1400","6,213.6200","6,130.3700"
"000990.SH","全指消费","2012/02/29","6,190.3800","6,185.9200","6,245.2700","6,160.0900"
"000990.SH","全指消费","2012/03/01","6,161.5400","6,179.1300","6,218.0500","6,160.2300"
"000990.SH","全指消费","2012/03/02","6,183.6100","6,236.0200","6,236.0200","6,183.6100"
"000990.SH","全指消费","2012/03/05","6,249.9600","6,233.1100","6,261.6000","6,215.7900"
"000990.SH","全指消费","2012/03/06","6,214.1200","6,159.6700","6,223.3800","6,153.6500"
"000990.SH","全指消费","2012/03/07","6,114.4000","6,135.1400","6,198.6600","6,108.1500"
"000990.SH","全指消费","2012/03/08","6,145.0000","6,197.2100","6,213.1200","6,144.8700"
"000990.SH","全指消费","2012/03/12","6,352.3700","6,391.8600","6,401.3800","6,330.5400"
"000990.SH","全指消费","2012/03/13","6,394.0800","6,485.1300","6,486.7400","6,388.7700"
"000990.SH","全指消费","2012/03/14","6,504.6800","6,313.3700","6,540.5500","6,277.9300"
"000990.SH","全指消费","2012/03/15","6,313.8700","6,353.1500","6,387.6000","6,280.9200"
"000990.SH","全指消费","2012/03/16","6,365.8200","6,575.8800","6,576.0700","6,365.8200"
"000990.SH","全指消费","2012/03/19","6,579.2500","6,569.7000","6,630.4100","6,513.2400"
"000990.SH","全指消费","2012/03/20","6,544.5800","6,430.0400","6,544.8500","6,416.1400"
"000990.SH","全指消费","2012/03/21","6,443.3700","6,387.2700","6,462.5400","6,322.2800"
"000990.SH","全指消费","2012/03/22","6,374.1300","6,374.0300","6,413.3000","6,344.7100"
"000990.SH","全指消费","2012/03/23","6,358.7900","6,324.5000","6,398.7600","6,300.1700"
"000990.SH","全指消费","2012/03/26","6,309.4000","6,388.8000","6,394.0000","6,309.4000"
"000990.SH","全指消费","2012/03/27","6,356.6200","6,217.6700","6,385.0500","6,216.3400"
"000990.SH","全指消费","2012/03/28","6,181.7700","6,030.0200","6,189.0900","6,008.1200"
"000990.SH","全指消费","2012/03/29","6,009.9100","5,968.7500","6,070.8400","5,938.8100"
"000990.SH","全指消费","2012/03/30","5,968.6100","5,882.3600","5,992.9800","5,840.5400"
"000990.SH","全指消费","2012/04/05","5,873.4700","6,096.9900","6,104.6800","5,857.5900"
"000990.SH","全指消费","2012/04/06","6,100.3600","6,179.7200","6,183.1000","6,086.5800"
"000990.SH","全指消费","2012/04/09","6,162.4400","6,134.3900","6,174.8200","6,115.3500"
"000990.SH","全指消费","2012/04/10","6,117.8500","6,154.0100","6,155.0500","5,995.5800"
"000990.SH","全指消费","2012/04/11","6,085.9400","6,149.7300","6,202.7900","6,065.8600"
"000990.SH","全指消费","2012/04/12","6,141.3800","6,250.8400","6,251.1900","6,118.6500"
"000990.SH","全指消费","2012/04/13","6,260.0600","6,252.9300","6,289.2900","6,230.8800"
"000990.SH","全指消费","2012/04/16","6,226.2900","6,248.4900","6,275.9000","6,212.5900"
"000990.SH","全指消费","2012/04/17","6,238.5500","6,186.4000","6,262.6100","6,182.1100"
"000990.SH","全指消费","2012/04/18","6,191.7000","6,260.9400","6,267.8900","6,153.4500"
"000990.SH","全指消费","2012/04/19","6,246.7200","6,190.3700","6,247.1400","6,143.1600"
"000990.SH","全指消费","2012/04/20","6,185.5700","6,245.3400","6,247.1300","6,169.9500"
"000990.SH","全指消费","2012/04/23","6,250.8100","6,178.7200","6,263.4100","6,154.4200"
"000990.SH","全指消费","2012/04/24","6,154.5500","6,159.4300","6,203.6600","6,040.2300"
"000990.SH","全指消费","2012/04/25","6,152.2900","6,205.6900","6,208.4500","6,139.4700"
"000990.SH","全指消费","2012/04/26","6,216.6500","6,246.5400","6,263.3100","6,192.2900"
"000990.SH","全指消费","2012/04/27","6,241.5300","6,308.6500","6,339.3100","6,236.5600"
"000990.SH","全指消费","2012/05/02","6,369.3400","6,368.8300","6,384.2700","6,306.9900"
"000990.SH","全指消费","2012/05/03","6,359.9600","6,442.0000","6,448.0200","6,349.8000"
"000990.SH","全指消费","2012/05/04","6,429.3300","6,557.3400","6,557.3400","6,427.1500"
"000990.SH","全指消费","2012/05/07","6,541.3100","6,618.4500","6,618.4500","6,535.9700"
"000990.SH","全指消费","2012/05/08","6,610.6000","6,572.6500","6,610.6000","6,508.0500"
"000990.SH","全指消费","2012/05/09","6,511.9400","6,478.7900","6,525.1900","6,443.0100"
"000990.SH","全指消费","2012/05/10","6,471.1200","6,478.8800","6,501.6700","6,448.1200"
"000990.SH","全指消费","2012/05/11","6,472.6200","6,476.3200","6,517.3400","6,444.5000"
"000990.SH","全指消费","2012/05/14","6,502.2400","6,396.2900","6,505.2700","6,390.8000"
"000990.SH","全指消费","2012/05/15","6,351.3100","6,426.6700","6,426.6700","6,333.1400"
"000990.SH","全指消费","2012/05/16","6,407.3800","6,332.7700","6,419.0200","6,330.4800"
"000990.SH","全指消费","2012/05/17","6,321.9000","6,380.7700","6,387.2700","6,300.9300"
"000990.SH","全指消费","2012/05/18","6,342.7800","6,277.8000","6,352.5700","6,252.5200"
"000990.SH","全指消费","2012/05/21","6,262.5300","6,360.0000","6,393.0500","6,261.8400"
"000990.SH","全指消费","2012/05/22","6,383.7500","6,469.0300","6,469.7100","6,383.7500"
"000990.SH","全指消费","2012/05/23","6,452.3300","6,466.3300","6,494.9000","6,409.0800"
"000990.SH","全指消费","2012/05/24","6,441.4500","6,301.0200","6,456.5500","6,270.1000"
"000990.SH","全指消费","2012/05/25","6,294.5000","6,210.5800","6,295.8400","6,190.1300"
"000990.SH","全指消费","2012/05/28","6,178.1000","6,289.5300","6,289.9200","6,136.9800"
"000990.SH","全指消费","2012/05/29","6,275.5900","6,337.5100","6,344.8000","6,250.9900"
"000990.SH","全指消费","2012/05/30","6,336.8300","6,327.5200","6,365.8600","6,322.3000"
"000990.SH","全指消费","2012/05/31","6,296.8300","6,368.7800","6,391.7500","6,286.4400"
"000990.SH","全指消费","2012/06/01","6,370.9300","6,412.0200","6,452.1900","6,370.7900"
"000990.SH","全指消费","2012/06/04","6,330.6900","6,283.1400","6,391.4500","6,283.1400"
"000990.SH","全指消费","2012/06/05","6,295.2100","6,299.8300","6,344.4200","6,273.8900"
"000990.SH","全指消费","2012/06/06","6,307.9800","6,257.6600","6,322.3300","6,230.5200"
"000990.SH","全指消费","2012/06/07","6,299.2700","6,248.8300","6,316.1800","6,228.7300"
"000990.SH","全指消费","2012/06/08","6,287.8900","6,207.7700","6,288.8400","6,193.5800"
"000990.SH","全指消费","2012/06/11","6,211.1100","6,237.9400","6,242.0500","6,158.9900"
"000990.SH","全指消费","2012/06/12","6,216.2100","6,215.8300","6,231.0200","6,193.5200"
"000990.SH","全指消费","2012/06/13","6,222.5400","6,368.2900","6,368.8000","6,222.5400"
"000990.SH","全指消费","2012/06/14","6,358.0600","6,440.1300","6,492.8800","6,346.9900"
"000990.SH","全指消费","2012/06/15","6,404.8800","6,384.9300","6,438.2800","6,317.2400"
"000990.SH","全指消费","2012/06/18","6,362.3600","6,432.1600","6,449.9700","6,362.3600"
"000990.SH","全指消费","2012/06/19","6,417.7400","6,386.3200","6,436.4300","6,373.9600"
"000990.SH","全指消费","2012/06/20","6,387.6900","6,347.4200","6,405.1200","6,338.7800"
"000990.SH","全指消费","2012/06/21","6,339.1700","6,264.3600","6,339.1700","6,232.5800"
"000990.SH","全指消费","2012/06/25","6,240.6900","6,178.1900","6,277.8400","6,177.9100"
"000990.SH","全指消费","2012/06/26","6,149.9300","6,154.2800","6,174.2500","6,089.3000"
"000990.SH","全指消费","2012/06/27","6,150.7800","6,197.3900","6,229.0200","6,146.6600"
"000990.SH","全指消费","2012/06/28","6,206.4300","6,157.6600","6,230.6500","6,155.6900"
"000990.SH","全指消费","2012/06/29","6,137.1000","6,263.4600","6,269.7200","6,133.2900"
"000990.SH","全指消费","2012/07/02","6,294.4500","6,374.4400","6,429.2900","6,240.3700"
"000990.SH","全指消费","2012/07/03","6,355.3800","6,434.5600","6,453.9900","6,342.7200"
"000990.SH","全指消费","2012/07/04","6,443.7900","6,443.7900","6,461.1700","6,406.3200"
"000990.SH","全指消费","2012/07/05","6,396.1000","6,346.7900","6,396.1000","6,318.5300"
"000990.SH","全指消费","2012/07/06","6,367.3000","6,574.3500","6,595.5800","6,362.8500"
"000990.SH","全指消费","2012/07/09","6,555.7900","6,515.9600","6,625.8000","6,514.4200"
"000990.SH","全指消费","2012/07/10","6,487.3600","6,448.0100","6,559.6600","6,439.4300"
"000990.SH","全指消费","2012/07/11","6,435.1400","6,575.0300","6,575.8900","6,395.7000"
"000990.SH","全指消费","2012/07/12","6,569.7200","6,647.6200","6,756.8700","6,547.8100"
"000990.SH","全指消费","2012/07/13","6,615.8900","6,688.4300","6,714.2300","6,600.8300"
"000990.SH","全指消费","2012/07/16","6,679.6600","6,555.6800","6,711.1200","6,553.7100"
"000990.SH","全指消费","2012/07/17","6,515.2100","6,459.1300","6,517.1600","6,406.7100"
"000990.SH","全指消费","2012/07/18","6,445.2800","6,432.6800","6,483.2200","6,295.8900"
"000990.SH","全指消费","2012/07/19","6,412.0000","6,450.5000","6,485.9100","6,392.6300"
"000990.SH","全指消费","2012/07/20","6,422.0900","6,372.7100","6,483.9700","6,366.6800"
"000990.SH","全指消费","2012/07/23","6,311.7300","6,316.2500","6,351.7300","6,270.0400"
"000990.SH","全指消费","2012/07/24","6,281.9700","6,382.0800","6,425.8600","6,276.3200"
"000990.SH","全指消费","2012/07/25","6,368.2300","6,366.0200","6,419.6000","6,351.1100"
"000990.SH","全指消费","2012/07/26","6,353.9600","6,277.6800","6,399.9000","6,277.6800"
"000990.SH","全指消费","2012/07/27","6,284.8800","6,242.8100","6,308.0900","6,180.4200"
"000990.SH","全指消费","2012/07/30","6,228.4100","6,169.3300","6,265.1400","6,154.7400"
"000990.SH","全指消费","2012/07/31","6,159.0900","6,058.4700","6,177.2100","6,055.4000"
"000990.SH","全指消费","2012/08/01","6,050.4000","6,113.7400","6,169.7300","6,047.6200"
"000990.SH","全指消费","2012/08/02","6,103.6100","6,082.7000","6,147.5300","6,045.6500"
"000990.SH","全指消费","2012/08/03","6,090.1300","6,191.5300","6,191.8200","6,063.7300"
"000990.SH","全指消费","2012/08/06","6,168.1700","6,309.6700","6,318.0700","6,162.8500"
"000990.SH","全指消费","2012/08/07","6,298.4000","6,365.4200","6,366.2800","6,292.4700"
"000990.SH","全指消费","2012/08/08","6,364.9400","6,320.9200","6,370.9300","6,283.8600"
"000990.SH","全指消费","2012/08/09","6,314.7200","6,503.8300","6,505.0500","6,306.9900"
"000990.SH","全指消费","2012/08/10","6,463.0900","6,411.3200","6,467.3700","6,391.6000"
"000990.SH","全指消费","2012/08/13","6,401.9000","6,371.1100","6,460.5000","6,368.8300"
"000990.SH","全指消费","2012/08/14","6,360.8200","6,386.3400","6,394.1100","6,252.1800"
"000990.SH","全指消费","2012/08/15","6,369.1500","6,316.1400","6,369.1500","6,308.5400"
"000990.SH","全指消费","2012/08/16","6,304.0000","6,210.7900","6,332.0200","6,199.3600"
"000990.SH","全指消费","2012/08/17","6,204.5700","6,092.1800","6,210.9300","6,035.8600"
"000990.SH","全指消费","2012/08/20","6,065.5400","6,165.5100","6,171.0200","6,029.6100"
"000990.SH","全指消费","2012/08/21","6,164.3700","6,259.7400","6,289.8400","6,163.7500"
"000990.SH","全指消费","2012/08/22","6,264.7600","6,184.8500","6,266.4500","6,156.7800"
"000990.SH","全指消费","2012/08/23","6,178.0800","6,150.9400","6,202.7500","6,101.1600"
"000990.SH","全指消费","2012/08/24","6,128.2800","6,105.7000","6,157.8100","6,104.8400"
"000990.SH","全指消费","2012/08/27","6,082.9200","6,013.3500","6,082.9200","6,010.0000"
"000990.SH","全指消费","2012/08/28","6,004.7200","5,975.3900","6,035.4600","5,965.7200"
"000990.SH","全指消费","2012/08/29","5,959.0400","5,885.5300","5,981.8200","5,885.5300"
"000990.SH","全指消费","2012/08/30","5,864.1600","5,753.6200","5,885.5900","5,674.6500"
"000990.SH","全指消费","2012/08/31","5,740.0500","5,786.4700","5,805.8200","5,732.3000"
"000990.SH","全指消费","2012/09/03","5,794.9000","5,925.5800","5,932.0800","5,794.4800"
"000990.SH","全指消费","2012/09/04","5,986.3500","5,900.4500","6,000.0100","5,885.0100"
"000990.SH","全指消费","2012/09/05","5,881.9600","5,898.1100","5,913.1100","5,855.0900"
"000990.SH","全指消费","2012/09/06","5,903.7600","5,917.5500","5,937.8000","5,873.4700"
"000990.SH","全指消费","2012/09/07","5,960.8800","6,126.4000","6,192.8500","5,956.0200"
"000990.SH","全指消费","2012/09/10","6,135.4900","6,132.4700","6,158.2000","6,099.3900"
"000990.SH","全指消费","2012/09/11","6,111.2300","6,115.8500","6,116.7900","6,067.5200"
"000990.SH","全指消费","2012/09/12","6,142.8300","6,147.8800","6,178.3700","6,099.2600"
"000990.SH","全指消费","2012/09/13","6,142.9600","6,087.9800","6,173.6300","6,086.7600"
"000990.SH","全指消费","2012/09/14","6,121.2700","6,111.1900","6,138.9300","6,059.0100"
"000990.SH","全指消费","2012/09/17","6,110.6800","5,972.1100","6,110.6800","5,971.3400"
"000990.SH","全指消费","2012/09/18","5,950.0500","5,926.2800","5,977.1800","5,906.1000"
"000990.SH","全指消费","2012/09/19","5,925.7400","5,891.0100","5,935.3200","5,843.9900"
"000990.SH","全指消费","2012/09/20","5,864.9700","5,755.8900","5,864.9700","5,750.5700"
"000990.SH","全指消费","2012/09/21","5,736.7500","5,746.1700","5,785.4100","5,717.5300"
"000990.SH","全指消费","2012/09/24","5,706.6600","5,783.8500","5,807.3200","5,672.0000"
"000990.SH","全指消费","2012/09/25","5,777.1000","5,820.7100","5,856.5500","5,761.1600"
"000990.SH","全指消费","2012/09/26","5,821.7500","5,720.3500","5,852.0900","5,709.0900"
"000990.SH","全指消费","2012/09/27","5,710.9600","5,846.8900","5,873.6800","5,709.1000"
"000990.SH","全指消费","2012/09/28","5,819.2500","5,970.0500","5,972.5700","5,818.2200"
"000990.SH","全指消费","2012/11/02","6,025.6700","6,047.5100","6,052.5100","6,003.0900"
"000990.SH","全指消费","2012/11/05","6,036.4200","5,990.2600","6,057.0600","5,974.9900"
"000990.SH","全指消费","2012/11/06","5,982.2400","5,909.6700","5,982.2400","5,846.7500"
"000990.SH","全指消费","2012/11/07","5,901.0600","5,906.7900","5,923.3200","5,878.7900"
"000990.SH","全指消费","2012/11/08","5,867.4700","5,821.6700","5,878.1200","5,813.7600"
"000990.SH","全指消费","2012/11/09","5,807.9200","5,797.6600","5,830.3900","5,778.2500"
"000990.SH","全指消费","2012/11/12","5,796.5800","5,747.1600","5,815.5400","5,710.6900"
"000990.SH","全指消费","2012/11/13","5,742.0100","5,655.2300","5,742.0100","5,646.6900"
"000990.SH","全指消费","2012/11/14","5,654.9500","5,698.2000","5,698.2000","5,636.9400"
"000990.SH","全指消费","2012/11/15","5,666.9100","5,620.9500","5,679.1300","5,615.0600"
"000990.SH","全指消费","2012/11/16","5,609.7200","5,535.5900","5,610.8800","5,500.2100"
"000990.SH","全指消费","2012/11/19","5,528.1400","5,404.1500","5,528.1400","5,308.6900"
"000990.SH","全指消费","2012/11/20","5,386.9800","5,400.4200","5,445.2100","5,385.1300"
"000990.SH","全指消费","2012/11/21","5,397.2300","5,414.0100","5,438.2200","5,282.0700"
"000990.SH","全指消费","2012/11/22","5,314.0200","5,338.9100","5,360.2000","5,276.5300"
"000990.SH","全指消费","2012/11/23","5,315.0300","5,398.5600","5,419.9100","5,315.0300"
"000990.SH","全指消费","2012/11/26","5,376.9500","5,291.7100","5,378.5400","5,278.8700"
"000990.SH","全指消费","2012/11/27","5,268.6400","5,196.7200","5,272.1600","5,192.4300"
"000990.SH","全指消费","2012/11/28","5,179.3500","5,119.9900","5,179.3500","5,109.0700"
"000990.SH","全指消费","2012/11/29","5,117.4500","5,104.0000","5,168.6900","5,096.8600"
"000990.SH","全指消费","2012/11/30","5,099.7600","5,110.1200","5,110.6300","5,056.1000"
"000990.SH","全指消费","2012/12/03","5,090.8500","4,867.0200","5,090.8500","4,864.5400"
"000990.SH","全指消费","2012/12/04","4,821.5500","4,900.7600","4,921.9600","4,781.3200"
"000990.SH","全指消费","2012/12/05","4,869.3800","5,006.9900","5,052.3400","4,839.9100"
"000990.SH","全指消费","2012/12/06","4,999.2600","4,978.5100","5,004.7700","4,881.4300"
"000990.SH","全指消费","2012/12/07","4,989.2300","5,109.6700","5,121.4900","4,982.3600"
"000990.SH","全指消费","2012/12/10","5,088.0000","5,190.1600","5,202.7700","5,067.7800"
"000990.SH","全指消费","2012/12/17","5,297.8100","5,373.9700","5,394.4800","5,258.6800"
"000990.SH","全指消费","2012/12/18","5,366.7400","5,393.9900","5,445.6100","5,335.4700"
"000990.SH","全指消费","2012/12/19","5,378.7500","5,439.6200","5,457.2800","5,360.5600"
"000990.SH","全指消费","2012/12/20","5,422.5800","5,419.0800","5,429.5200","5,350.1100"
"000990.SH","全指消费","2012/12/21","5,416.4700","5,397.3100","5,458.4400","5,378.7600"
"000990.SH","全指消费","2012/12/24","5,377.7000","5,336.1800","5,378.0700","5,285.8500"
"000990.SH","全指消费","2012/12/25","5,320.9500","5,434.5700","5,455.9600","5,300.0200"
"000990.SH","全指消费","2012/12/26","5,429.7000","5,507.4100","5,507.4100","5,424.7700"
"000990.SH","全指消费","2012/12/27","5,522.2900","5,522.1700","5,569.1500","5,465.4900"
"000990.SH","全指消费","2012/12/28","5,511.5800","5,578.4800","5,587.8300","5,511.5800"
"000990.SH","全指消费","2012/12/31","5,584.4200","5,610.5200","5,610.5200","5,532.6600"
"000990.SH","全指消费","2013/01/04","5,636.5000","5,566.9200","5,641.3400","5,512.4800"
"000990.SH","全指消费","2013/01/07","5,556.8400","5,597.9400","5,598.7600","5,534.0100"
"000990.SH","全指消费","2013/01/08","5,593.3700","5,721.8600","5,732.0500","5,592.2400"
"000990.SH","全指消费","2013/01/09","5,722.6000","5,821.5900","5,848.9800","5,719.4300"
"000990.SH","全指消费","2013/01/10","5,812.2200","5,814.2000","5,855.9900","5,777.2700"
"000990.SH","全指消费","2013/01/11","5,819.0500","5,715.7900","5,835.5000","5,702.8500"
"000990.SH","全指消费","2013/01/14","5,683.9900","5,853.0700","5,858.8500","5,673.9900"
"000990.SH","全指消费","2013/01/15","5,856.5800","5,923.8200","5,943.7200","5,846.2900"
"000990.SH","全指消费","2013/01/16","5,885.8400","5,905.7400","5,931.0800","5,822.1500"
"000990.SH","全指消费","2013/01/17","5,884.8100","5,871.0900","5,939.7400","5,850.2200"
"000990.SH","全指消费","2013/01/18","5,885.9900","5,911.0000","5,923.0900","5,817.3400"
"000990.SH","全指消费","2013/01/21","5,911.2100","5,837.4400","5,911.2100","5,825.1200"
"000990.SH","全指消费","2013/01/22","5,821.1600","5,790.3200","5,821.1600","5,676.6900"
"000990.SH","全指消费","2013/01/23","5,754.4000","5,800.2800","5,800.8800","5,721.9300"
"000990.SH","全指消费","2013/01/24","5,790.1200","5,693.1300","5,834.7000","5,662.4400"
"000990.SH","全指消费","2013/01/25","5,656.7200","5,628.8800","5,661.1000","5,601.0500"
"000990.SH","全指消费","2013/01/28","5,614.1000","5,617.7900","5,635.1000","5,558.6000"
"000990.SH","全指消费","2013/01/29","5,604.2900","5,649.1800","5,649.3100","5,556.5600"
"000990.SH","全指消费","2013/01/30","5,640.6100","5,668.1200","5,673.8000","5,604.6300"
"000990.SH","全指消费","2013/01/31","5,666.6400","5,627.6200","5,669.8800","5,604.5200"
"000990.SH","全指消费","2013/02/01","5,626.8900","5,685.3800","5,705.3500","5,618.6400"
"000990.SH","全指消费","2013/02/04","5,681.2000","5,589.8600","5,693.0600","5,573.3400"
"000990.SH","全指消费","2013/02/05","5,572.0600","5,757.1100","5,757.3400","5,566.1700"
"000990.SH","全指消费","2013/02/06","5,758.4600","5,754.6100","5,777.6200","5,735.2200"
"000990.SH","全指消费","2013/02/07","5,746.0300","5,793.9600","5,810.4400","5,727.6500"
"000990.SH","全指消费","2013/02/08","5,789.4000","5,853.3200","5,871.2000","5,788.9800"
"000990.SH","全指消费","2013/02/18","5,882.7600","5,797.5000","5,891.5700","5,781.0200"
"000990.SH","全指消费","2013/02/19","5,790.8700","5,754.1300","5,798.6200","5,741.4000"
"000990.SH","全指消费","2013/02/20","5,754.4900","5,858.9600","5,859.8500","5,718.3900"
"000990.SH","全指消费","2013/02/21","5,806.0400","5,835.6800","5,915.8300","5,771.5200"
"000990.SH","全指消费","2013/02/22","5,827.6800","5,908.0700","5,943.8700","5,826.7700"
"000990.SH","全指消费","2013/02/25","5,914.0200","5,890.5200","5,921.6100","5,865.0200"
"000990.SH","全指消费","2013/02/26","5,869.1700","5,768.0100","5,923.5900","5,756.5700"
"000990.SH","全指消费","2013/02/27","5,765.7000","5,729.6700","5,788.2700","5,688.8200"
"000990.SH","全指消费","2013/02/28","5,741.3400","5,779.0300","5,779.2700","5,679.8800"
"000990.SH","全指消费","2013/03/01","5,770.5800","5,808.7400","5,814.0200","5,732.3200"
"000990.SH","全指消费","2013/03/04","5,796.2700","5,761.7600","5,888.2500","5,731.9400"
"000990.SH","全指消费","2013/03/05","5,778.1600","5,880.8500","5,881.3900","5,774.4800"
"000990.SH","全指消费","2013/03/06","5,898.3800","5,975.7700","5,975.7700","5,875.4200"
"000990.SH","全指消费","2013/03/07","5,958.7500","5,964.9400","6,064.2900","5,908.1600"
"000990.SH","全指消费","2013/03/08","5,962.6400","5,885.4900","5,975.7400","5,878.4700"
"000990.SH","全指消费","2013/03/11","5,861.4800","5,855.6400","5,889.7500","5,802.3300"
"000990.SH","全指消费","2013/03/12","5,851.8500","5,741.8500","5,893.7600","5,674.6000"
"000990.SH","全指消费","2013/03/13","5,723.7400","5,700.6700","5,747.4000","5,647.8300"
"000990.SH","全指消费","2013/03/14","5,674.6000","5,678.3300","5,734.3200","5,663.4400"
"000990.SH","全指消费","2013/03/15","5,662.2700","5,667.6400","5,752.7600","5,610.6600"
"000990.SH","全指消费","2013/03/18","5,656.7600","5,582.7400","5,686.4000","5,575.4600"
"000990.SH","全指消费","2013/03/19","5,582.4200","5,543.3900","5,610.2000","5,489.3900"
"000990.SH","全指消费","2013/03/20","5,538.4100","5,673.9400","5,674.2200","5,531.7200"
"000990.SH","全指消费","2013/03/21","5,669.2600","5,703.7800","5,729.5500","5,654.6800"
"000990.SH","全指消费","2013/03/22","5,693.4200","5,707.8000","5,728.8700","5,677.8700"
"000990.SH","全指消费","2013/03/25","5,718.7600","5,708.2700","5,738.0100","5,665.3000"
"000990.SH","全指消费","2013/03/26","5,697.4900","5,723.9300","5,730.6100","5,640.2800"
"000990.SH","全指消费","2013/03/27","5,717.3400","5,665.0100","5,737.5700","5,636.9600"
"000990.SH","全指消费","2013/03/28","5,617.8300","5,576.3700","5,617.8300","5,557.5000"
"000990.SH","全指消费","2013/03/29","5,571.2200","5,546.5000","5,606.2000","5,505.2700"
"000990.SH","全指消费","2013/04/01","5,521.2700","5,518.5000","5,549.0900","5,494.3400"
"000990.SH","全指消费","2013/04/02","5,522.9000","5,454.0700","5,557.9100","5,430.5600"
"000990.SH","全指消费","2013/04/03","5,464.2300","5,414.2500","5,476.4300","5,376.8500"
"000990.SH","全指消费","2013/04/08","5,338.7200","5,460.1000","5,464.4500","5,294.4100"
"000990.SH","全指消费","2013/04/09","5,464.7000","5,445.8500","5,483.9300","5,428.0800"
"000990.SH","全指消费","2013/04/10","5,441.9400","5,503.0200","5,549.7300","5,437.2900"
"000990.SH","全指消费","2013/04/11","5,507.8200","5,463.9100","5,509.1100","5,460.7200"
"000990.SH","全指消费","2013/04/12","5,451.1100","5,491.1000","5,533.6700","5,441.2200"
"000990.SH","全指消费","2013/04/15","5,483.2600","5,414.9300","5,489.9900","5,386.9900"
"000990.SH","全指消费","2013/04/16","5,362.4900","5,397.0000","5,403.1600","5,335.6700"
"000990.SH","全指消费","2013/04/17","5,397.6100","5,499.3100","5,499.3600","5,396.7900"
"000990.SH","全指消费","2013/04/18","5,473.6000","5,473.4100","5,525.2300","5,449.3200"
"000990.SH","全指消费","2013/04/19","5,478.3000","5,567.1400","5,580.4400","5,474.6100"
"000990.SH","全指消费","2013/04/22","5,545.1300","5,536.0700","5,560.4600","5,499.7300"
"000990.SH","全指消费","2013/04/23","5,533.6300","5,433.2800","5,542.9700","5,428.2400"
"000990.SH","全指消费","2013/04/24","5,431.9800","5,476.7300","5,490.5800","5,390.9000"
"000990.SH","全指消费","2013/04/25","5,460.5200","5,441.0200","5,511.2400","5,431.9000"
"000990.SH","全指消费","2013/04/26","5,449.9500","5,347.3600","5,467.6000","5,330.2700"
"000990.SH","全指消费","2013/05/02","5,310.7500","5,315.4800","5,327.2100","5,266.0800"
"000990.SH","全指消费","2013/05/03","5,316.2400","5,385.2000","5,416.2300","5,316.2400"
"000990.SH","全指消费","2013/05/06","5,394.5500","5,492.6600","5,492.7100","5,393.3400"
"000990.SH","全指消费","2013/05/07","5,481.3400","5,542.0500","5,542.2700","5,462.6300"
"000990.SH","全指消费","2013/05/08","5,553.1800","5,564.4100","5,578.7300","5,511.4200"
"000990.SH","全指消费","2013/05/09","5,560.3400","5,601.0800","5,619.5400","5,550.2100"
"000990.SH","全指消费","2013/05/10","5,588.5900","5,611.5800","5,636.5800","5,572.3800"
"000990.SH","全指消费","2013/05/13","5,612.0700","5,615.6300","5,636.6300","5,561.6400"
"000990.SH","全指消费","2013/05/14","5,601.7200","5,525.3200","5,603.6200","5,502.9900"
"000990.SH","全指消费","2013/05/15","5,502.0500","5,557.5400","5,557.5400","5,502.0500"
"000990.SH","全指消费","2013/05/16","5,538.0200","5,606.3800","5,625.0600","5,501.0700"
"000990.SH","全指消费","2013/05/17","5,601.4600","5,681.8400","5,684.5300","5,600.0700"
"000990.SH","全指消费","2013/05/20","5,691.1700","5,723.1000","5,732.7900","5,672.5200"
"000990.SH","全指消费","2013/05/21","5,714.3800","5,708.6700","5,714.3800","5,655.2400"
"000990.SH","全指消费","2013/05/22","5,694.9800","5,745.7500","5,765.0100","5,688.7600"
"000990.SH","全指消费","2013/05/23","5,725.1200","5,721.0600","5,802.4500","5,704.5100"
"000990.SH","全指消费","2013/05/24","5,730.5900","5,748.1000","5,771.2900","5,695.8100"
"000990.SH","全指消费","2013/05/27","5,743.9300","5,774.2700","5,774.2700","5,712.1000"
"000990.SH","全指消费","2013/05/28","5,781.0000","5,823.0100","5,826.4500","5,742.7400"
"000990.SH","全指消费","2013/05/29","5,830.6000","5,837.0300","5,863.7500","5,828.5400"
"000990.SH","全指消费","2013/05/30","5,838.7400","5,833.3600","5,849.1400","5,796.5300"
"000990.SH","全指消费","2013/05/31","5,836.8900","5,771.6500","5,848.4400","5,769.3200"
"000990.SH","全指消费","2013/06/03","5,781.5700","5,776.5200","5,810.4300","5,762.1200"
"000990.SH","全指消费","2013/06/04","5,768.6200","5,686.7400","5,768.6200","5,662.5300"
"000990.SH","全指消费","2013/06/05","5,682.5900","5,705.1000","5,706.1900","5,657.9000"
"000990.SH","全指消费","2013/06/06","5,691.2500","5,656.5100","5,732.1200","5,654.8800"
"000990.SH","全指消费","2013/06/07","5,613.3600","5,522.3900","5,639.4600","5,501.3600"
"000990.SH","全指消费","2013/06/13","5,462.1300","5,394.5600","5,462.1300","5,326.0300"
"000990.SH","全指消费","2013/06/14","5,399.7500","5,436.2100","5,443.0700","5,386.1400"
"000990.SH","全指消费","2013/06/17","5,441.3500","5,426.1500","5,454.4500","5,392.6900"
"000990.SH","全指消费","2013/06/18","5,465.9400","5,482.1500","5,485.4200","5,415.4600"
"000990.SH","全指消费","2013/06/19","5,459.7900","5,540.4900","5,544.7400","5,400.4200"
"000990.SH","全指消费","2013/06/20","5,516.9500","5,408.1300","5,539.3800","5,399.4200"
"000990.SH","全指消费","2013/06/21","5,330.0100","5,407.9900","5,445.0600","5,297.6200"
"000990.SH","全指消费","2013/06/24","5,402.6400","5,160.5000","5,403.4400","5,123.2900"
"000990.SH","全指消费","2013/06/25","5,107.3200","5,156.9100","5,182.1600","4,833.9100"
"000990.SH","全指消费","2013/06/26","5,156.3600","5,186.3300","5,211.4600","5,100.1300"
"000990.SH","全指消费","2013/06/27","5,192.3400","5,115.5000","5,241.6800","5,113.8000"
"000990.SH","全指消费","2013/06/28","5,093.0700","5,140.4500","5,211.3000","5,077.2300"
"000990.SH","全指消费","2013/07/01","5,125.9000","5,236.4000","5,238.4600","5,112.2800"
"000990.SH","全指消费","2013/07/02","5,246.5300","5,373.0700","5,390.3000","5,240.6300"
"000990.SH","全指消费","2013/07/03","5,379.3400","5,404.6300","5,413.6500","5,316.0000"
"000990.SH","全指消费","2013/07/04","5,375.2900","5,396.3200","5,440.7500","5,343.9800"
"000990.SH","全指消费","2013/07/05","5,394.7500","5,375.3300","5,427.5300","5,375.3300"
"000990.SH","全指消费","2013/07/08","5,311.0100","5,262.4900","5,361.4700","5,241.4000"
"000990.SH","全指消费","2013/07/09","5,253.7600","5,247.3600","5,276.8500","5,212.7700"
"000990.SH","全指消费","2013/07/10","5,240.9300","5,341.8300","5,341.8300","5,228.5400"
"000990.SH","全指消费","2013/07/11","5,346.7700","5,454.6600","5,501.7800","5,322.8500"
"000990.SH","全指消费","2013/07/12","5,440.0800","5,423.2100","5,511.5900","5,417.8400"
"000990.SH","全指消费","2013/07/15","5,423.7200","5,487.2700","5,497.2400","5,397.5800"
"000990.SH","全指消费","2013/07/16","5,481.0200","5,530.9000","5,532.2600","5,438.6700"
"000990.SH","全指消费","2013/07/17","5,516.1200","5,403.1700","5,520.0000","5,395.3000"
"000990.SH","全指消费","2013/07/18","5,379.7700","5,360.2300","5,410.6600","5,332.9600"
"000990.SH","全指消费","2013/07/19","5,355.7100","5,232.1400","5,372.0400","5,229.4100"
"000990.SH","全指消费","2013/07/22","5,193.4400","5,284.2900","5,289.8900","5,173.6300"
"000990.SH","全指消费","2013/07/23","5,299.3600","5,404.5500","5,408.6600","5,291.5700"
"000990.SH","全指消费","2013/07/24","5,396.5100","5,407.1400","5,433.5500","5,338.5300"
"000990.SH","全指消费","2013/07/25","5,408.8000","5,417.5300","5,464.6700","5,357.2700"
"000990.SH","全指消费","2013/07/26","5,388.8300","5,354.7700","5,403.7000","5,324.6700"
"000990.SH","全指消费","2013/07/29","5,318.8700","5,256.2800","5,318.8700","5,247.0000"
"000990.SH","全指消费","2013/07/30","5,258.4100","5,269.6200","5,309.2800","5,202.1600"
"000990.SH","全指消费","2013/07/31","5,270.8600","5,237.7000","5,307.2800","5,227.5800"
"000990.SH","全指消费","2013/08/01","5,258.6600","5,324.6700","5,325.1300","5,246.9300"
"000990.SH","全指消费","2013/08/02","5,341.8400","5,372.4300","5,393.2200","5,341.5800"
"000990.SH","全指消费","2013/08/05","5,412.4300","5,490.0600","5,490.1700","5,400.2100"
"000990.SH","全指消费","2013/08/06","5,485.8100","5,519.7700","5,532.3100","5,462.5300"
"000990.SH","全指消费","2013/08/07","5,518.2200","5,503.4200","5,551.3000","5,477.2900"
"000990.SH","全指消费","2013/08/08","5,489.5000","5,506.8500","5,527.7400","5,467.9200"
"000990.SH","全指消费","2013/08/09","5,517.8300","5,520.8000","5,570.6600","5,471.3000"
"000990.SH","全指消费","2013/08/12","5,534.1800","5,616.0500","5,616.2500","5,529.5400"
"000990.SH","全指消费","2013/08/13","5,616.0900","5,605.9100","5,621.1000","5,577.2200"
"000990.SH","全指消费","2013/08/14","5,605.7600","5,570.2800","5,649.4800","5,555.1600"
"000990.SH","全指消费","2013/08/15","5,576.2700","5,518.3100","5,593.9500","5,516.8000"
"000990.SH","全指消费","2013/08/16","5,505.8600","5,416.4400","5,589.8800","5,411.1800"
"000990.SH","全指消费","2013/08/19","5,409.3500","5,496.4400","5,497.7000","5,407.1200"
"000990.SH","全指消费","2013/08/20","5,488.3700","5,484.7000","5,544.5000","5,469.8600"
"000990.SH","全指消费","2013/08/21","5,498.4100","5,496.5100","5,498.5000","5,446.5600"
"000990.SH","全指消费","2013/08/22","5,487.2600","5,488.1400","5,522.8600","5,475.4600"
"000990.SH","全指消费","2013/08/23","5,501.4400","5,462.4700","5,515.1000","5,386.3700"
"000990.SH","全指消费","2013/08/26","5,468.3000","5,541.2800","5,541.2800","5,458.5600"
"000990.SH","全指消费","2013/08/27","5,538.2900","5,570.5000","5,570.6600","5,522.1500"
"000990.SH","全指消费","2013/08/28","5,544.8100","5,510.4800","5,544.8600","5,485.2900"
"000990.SH","全指消费","2013/08/29","5,513.3600","5,501.3300","5,526.0300","5,470.5800"
"000990.SH","全指消费","2013/08/30","5,491.9400","5,451.2800","5,512.0900","5,431.2400"
"000990.SH","全指消费","2013/09/02","5,460.5600","5,446.6300","5,466.0300","5,384.6100"
"000990.SH","全指消费","2013/09/03","5,460.7200","5,548.1600","5,552.5300","5,457.6500"
"000990.SH","全指消费","2013/09/04","5,558.8600","5,559.7200","5,564.4900","5,519.3900"
"000990.SH","全指消费","2013/09/05","5,545.4100","5,595.0800","5,608.7000","5,509.0100"
"000990.SH","全指消费","2013/09/06","5,575.0400","5,584.5000","5,609.2200","5,562.6700"
"000990.SH","全指消费","2013/09/09","5,602.4600","5,631.6700","5,637.9400","5,588.3900"
"000990.SH","全指消费","2013/09/10","5,636.5100","5,660.3900","5,667.8600","5,620.0900"
"000990.SH","全指消费","2013/09/11","5,662.5200","5,690.1100","5,705.6700","5,593.8700"
"000990.SH","全指消费","2013/09/12","5,668.9000","5,664.7500","5,691.2100","5,656.5800"
"000990.SH","全指消费","2013/09/13","5,670.8500","5,736.1700","5,761.2300","5,664.5600"
"000990.SH","全指消费","2013/09/16","5,737.5300","5,709.8900","5,764.0800","5,703.1400"
"000990.SH","全指消费","2013/09/17","5,699.6600","5,596.5600","5,700.8600","5,594.6700"
"000990.SH","全指消费","2013/09/18","5,566.9500","5,598.0200","5,614.9700","5,557.4200"
"000990.SH","全指消费","2013/09/23","5,621.3500","5,680.2100","5,681.7000","5,617.1900"
"000990.SH","全指消费","2013/09/24","5,686.9900","5,728.6200","5,737.7100","5,657.6800"
"000990.SH","全指消费","2013/09/25","5,724.6600","5,714.1300","5,755.5700","5,690.1700"
"000990.SH","全指消费","2013/09/26","5,696.6000","5,701.8700","5,770.0200","5,692.2300"
"000990.SH","全指消费","2013/09/27","5,684.5000","5,687.8300","5,734.3400","5,674.3200"
"000990.SH","全指消费","2013/09/30","5,696.5800","5,761.5600","5,764.9600","5,679.6700"
"000990.SH","全指消费","2013/10/08","5,757.0700","5,823.7600","5,857.4100","5,745.7300"
"000990.SH","全指消费","2013/10/09","5,802.4100","5,888.4000","5,888.6600","5,781.0900"
"000990.SH","全指消费","2013/10/10","5,883.6800","5,874.8800","5,940.2200","5,855.2600"
"000990.SH","全指消费","2013/10/11","5,878.3000","5,954.6100","5,963.3000","5,878.3000"
"000990.SH","全指消费","2013/10/14","5,974.8800","6,075.7600","6,099.0600","5,974.8800"
"000990.SH","全指消费","2013/10/15","6,079.8100","6,131.8300","6,149.1800","6,071.4200"
"000990.SH","全指消费","2013/10/16","6,114.9900","6,016.5900","6,114.9900","5,981.5900"
"000990.SH","全指消费","2013/10/17","6,023.8000","6,009.7700","6,056.1200","5,970.0200"
"000990.SH","全指消费","2013/10/18","6,000.2300","6,031.8000","6,038.1100","5,968.5200"
"000990.SH","全指消费","2013/10/21","6,042.6700","6,231.4100","6,237.1100","6,042.6700"
"000990.SH","全指消费","2013/10/22","6,219.7000","6,181.7400","6,252.7100","6,162.4500"
"000990.SH","全指消费","2013/10/23","6,172.4100","5,966.5900","6,178.7100","5,943.0500"
"000990.SH","全指消费","2013/10/24","5,946.1600","5,901.1800","5,989.7900","5,883.2100"
"000990.SH","全指消费","2013/10/25","5,908.6300","5,742.3700","5,930.1200","5,686.2800"
"000990.SH","全指消费","2013/10/28","5,701.6200","5,700.0400","5,748.5500","5,664.2900"
"000990.SH","全指消费","2013/10/29","5,676.2200","5,616.2000","5,734.5100","5,486.4900"
"000990.SH","全指消费","2013/10/30","5,603.3700","5,694.6200","5,696.1400","5,599.4200"
"000990.SH","全指消费","2013/10/31","5,610.0400","5,566.6600","5,610.4800","5,556.5900"
"000990.SH","全指消费","2013/11/01","5,519.7300","5,534.6500","5,562.4300","5,477.6500"
"000990.SH","全指消费","2013/11/04","5,550.7900","5,553.7100","5,604.5900","5,543.6300"
"000990.SH","全指消费","2013/11/05","5,525.2400","5,603.9100","5,604.6900","5,472.5000"
"000990.SH","全指消费","2013/11/06","5,592.3800","5,559.9500","5,636.8700","5,556.1800"
"000990.SH","全指消费","2013/11/07","5,542.5000","5,482.0700","5,555.4300","5,462.6900"
"000990.SH","全指消费","2013/11/08","5,436.5300","5,406.9800","5,475.9700","5,399.0800"
"000990.SH","全指消费","2013/11/11","5,400.9300","5,480.3200","5,509.9300","5,391.7200"
"000990.SH","全指消费","2013/11/12","5,472.5400","5,566.6900","5,590.2300","5,468.1100"
"000990.SH","全指消费","2013/11/13","5,548.5300","5,481.6300","5,548.5300","5,478.2400"
"000990.SH","全指消费","2013/11/14","5,476.5100","5,559.0400","5,561.4400","5,464.5500"
"000990.SH","全指消费","2013/11/15","5,551.2900","5,651.3800","5,704.2800","5,549.5400"
"000990.SH","全指消费","2013/11/18","5,719.2800","5,776.1900","5,776.9000","5,694.3900"
"000990.SH","全指消费","2013/11/19","5,776.6800","5,724.4500","5,776.7300","5,699.7300"
"000990.SH","全指消费","2013/11/20","5,740.3000","5,738.9800","5,747.7200","5,691.5100"
"000990.SH","全指消费","2013/11/21","5,711.4700","5,698.8900","5,711.6800","5,659.2800"
"000990.SH","全指消费","2013/11/22","5,705.7300","5,682.4900","5,729.7600","5,663.4400"
"000990.SH","全指消费","2013/11/25","5,660.3300","5,675.2700","5,727.1000","5,647.5700"
"000990.SH","全指消费","2013/11/26","5,662.0000","5,672.9700","5,699.1200","5,641.1000"
"000990.SH","全指消费","2013/11/27","5,671.3300","5,707.8200","5,719.1500","5,651.5000"
"000990.SH","全指消费","2013/11/28","5,719.5800","5,788.3700","5,825.5300","5,719.5800"
"000990.SH","全指消费","2013/11/29","5,789.9900","5,801.7500","5,803.1200","5,763.6200"
"000990.SH","全指消费","2013/12/02","5,701.0700","5,571.2900","5,743.8500","5,555.9900"
"000990.SH","全指消费","2013/12/03","5,558.4900","5,697.7600","5,704.3300","5,549.3200"
"000990.SH","全指消费","2013/12/04","5,698.2700","5,789.6000","5,814.0400","5,685.0100"
"000990.SH","全指消费","2013/12/05","5,806.9800","5,785.3800","5,811.9300","5,761.4600"
"000990.SH","全指消费","2013/12/06","5,769.0800","5,783.1400","5,794.4300","5,756.8000"
"000990.SH","全指消费","2013/12/09","5,790.3100","5,831.4300","5,832.5800","5,768.6100"
"000990.SH","全指消费","2013/12/10","5,827.6900","5,821.6700","5,841.1500","5,787.5600"
"000990.SH","全指消费","2013/12/11","5,794.0200","5,776.3900","5,794.0200","5,748.3500"
"000990.SH","全指消费","2013/12/12","5,769.9000","5,775.6400","5,820.7900","5,764.0900"
"000990.SH","全指消费","2013/12/13","5,737.7700","5,764.3400","5,792.2800","5,725.6500"
"000990.SH","全指消费","2013/12/16","5,775.4900","5,666.0700","5,783.1400","5,664.5800"
"000990.SH","全指消费","2013/12/17","5,659.0400","5,627.5800","5,672.5700","5,623.0900"
"000990.SH","全指消费","2013/12/18","5,624.8600","5,622.8200","5,652.6300","5,606.8600"
"000990.SH","全指消费","2013/12/19","5,635.9600","5,565.2100","5,650.3100","5,560.4900"
"000990.SH","全指消费","2013/12/20","5,570.5200","5,541.5500","5,596.1100","5,502.7900"
"000990.SH","全指消费","2013/12/23","5,533.4200","5,535.3200","5,546.9400","5,462.6000"
"000990.SH","全指消费","2013/12/24","5,543.8500","5,553.8100","5,602.3100","5,512.9500"
"000990.SH","全指消费","2013/12/25","5,559.5100","5,604.1500","5,604.4100","5,534.0400"
"000990.SH","全指消费","2013/12/26","5,606.0400","5,526.5600","5,615.0800","5,522.8100"
"000990.SH","全指消费","2013/12/27","5,522.5400","5,594.9400","5,610.3700","5,514.9100"
"000990.SH","全指消费","2013/12/30","5,613.4500","5,618.8500","5,633.2000","5,596.4600"
"000990.SH","全指消费","2013/12/31","5,595.9200","5,684.3500","5,686.3500","5,567.9300"
"000990.SH","全指消费","2014/01/02","5,668.5900","5,654.0000","5,668.5900","5,619.2400"
"000990.SH","全指消费","2014/01/03","5,631.7100","5,598.9100","5,638.6900","5,574.8400"
"000990.SH","全指消费","2014/01/06","5,581.0900","5,431.5200","5,581.0900","5,430.6000"
"000990.SH","全指消费","2014/01/07","5,398.2000","5,449.1500","5,455.4400","5,388.2300"
"000990.SH","全指消费","2014/01/08","5,450.8900","5,472.3300","5,511.8800","5,448.0200"
"000990.SH","全指消费","2014/01/09","5,454.9400","5,408.0600","5,529.3700","5,401.9100"
"000990.SH","全指消费","2014/01/10","5,384.6700","5,379.3500","5,425.2100","5,368.9000"
"000990.SH","全指消费","2014/01/13","5,385.4400","5,376.6800","5,426.5800","5,355.7300"
"000990.SH","全指消费","2014/01/14","5,376.3400","5,449.1400","5,449.7100","5,367.0600"
"000990.SH","全指消费","2014/01/15","5,438.4500","5,452.6600","5,454.0200","5,408.3300"
"000990.SH","全指消费","2014/01/16","5,449.8100","5,476.3700","5,497.0800","5,445.0900"
"000990.SH","全指消费","2014/01/17","5,463.8200","5,361.8100","5,463.8200","5,356.2200"
"000990.SH","全指消费","2014/01/20","5,365.3300","5,333.3400","5,404.5900","5,299.1300"
"000990.SH","全指消费","2014/01/21","5,315.6200","5,350.2400","5,371.6800","5,315.6200"
"000990.SH","全指消费","2014/01/22","5,351.6300","5,492.4000","5,492.7600","5,348.5000"
"000990.SH","全指消费","2014/01/23","5,504.8500","5,490.6000","5,535.8500","5,482.8300"
"000990.SH","全指消费","2014/01/24","5,486.5400","5,524.6600","5,528.0600","5,475.6700"
"000990.SH","全指消费","2014/01/27","5,499.2700","5,478.6600","5,519.1300","5,462.4900"
"000990.SH","全指消费","2014/01/28","5,469.4200","5,423.9600","5,494.6500","5,395.0600"
"000990.SH","全指消费","2014/01/29","5,437.2300","5,386.8600","5,454.6900","5,368.6600"
"000990.SH","全指消费","2014/01/30","5,379.4800","5,306.0700","5,379.4800","5,291.4400"
"000990.SH","全指消费","2014/02/07","5,284.5600","5,376.0700","5,376.4700","5,267.5600"
"000990.SH","全指消费","2014/02/10","5,387.2500","5,504.5600","5,506.5500","5,386.6600"
"000990.SH","全指消费","2014/02/11","5,503.0700","5,538.3000","5,559.8400","5,483.0000"
"000990.SH","全指消费","2014/02/12","5,543.0500","5,581.3000","5,582.0600","5,500.8900"
"000990.SH","全指消费","2014/02/13","5,574.8500","5,531.6500","5,599.0500","5,528.9900"
"000990.SH","全指消费","2014/02/14","5,529.7400","5,641.3100","5,642.1900","5,529.6500"
"000990.SH","全指消费","2014/02/17","5,666.4600","5,721.5500","5,721.9600","5,652.6700"
"000990.SH","全指消费","2014/02/18","5,714.6800","5,670.5600","5,714.6800","5,654.7400"
"000990.SH","全指消费","2014/02/19","5,661.7000","5,696.7300","5,719.6100","5,654.1200"
"000990.SH","全指消费","2014/02/20","5,701.8800","5,664.9100","5,728.7800","5,627.4900"
"000990.SH","全指消费","2014/02/21","5,649.7900","5,619.8000","5,665.9100","5,587.6600"
"000990.SH","全指消费","2014/02/24","5,593.0200","5,558.4700","5,593.0200","5,498.5100"
"000990.SH","全指消费","2014/02/25","5,567.3700","5,357.8100","5,590.4800","5,334.7200"
"000990.SH","全指消费","2014/02/26","5,328.3900","5,357.5800","5,362.8900","5,274.3600"
"000990.SH","全指消费","2014/02/27","5,364.2700","5,297.4200","5,389.6800","5,292.2500"
"000990.SH","全指消费","2014/02/28","5,282.1700","5,389.7500","5,390.5600","5,277.0000"
"000990.SH","全指消费","2014/03/03","5,380.7100","5,495.3500","5,495.3500","5,374.0100"
"000990.SH","全指消费","2014/03/04","5,466.0500","5,456.4500","5,497.9900","5,424.1500"
"000990.SH","全指消费","2014/03/05","5,469.9300","5,485.4100","5,523.0700","5,432.4800"
"000990.SH","全指消费","2014/03/06","5,468.2900","5,469.2200","5,480.1800","5,403.5600"
"000990.SH","全指消费","2014/03/07","5,466.0400","5,486.2000","5,502.6900","5,439.3400"
"000990.SH","全指消费","2014/03/10","5,453.2900","5,356.2600","5,468.4800","5,349.9100"
"000990.SH","全指消费","2014/03/11","5,341.7200","5,431.5800","5,444.1900","5,340.1300"
"000990.SH","全指消费","2014/03/12","5,411.4500","5,421.1500","5,468.9300","5,362.8500"
"000990.SH","全指消费","2014/03/13","5,422.1100","5,563.7400","5,567.5800","5,422.1100"
"000990.SH","全指消费","2014/03/14","5,540.9800","5,508.5800","5,541.6700","5,476.8300"
"000990.SH","全指消费","2014/03/17","5,519.3400","5,549.3800","5,550.2800","5,486.4600"
"000990.SH","全指消费","2014/03/18","5,554.7000","5,589.4600","5,656.1600","5,551.7800"
"000990.SH","全指消费","2014/03/19","5,567.9200","5,527.5500","5,573.3800","5,495.1900"
"000990.SH","全指消费","2014/03/20","5,517.5400","5,404.5800","5,537.7300","5,403.4500"
"000990.SH","全指消费","2014/03/21","5,384.0600","5,504.8800","5,511.2900","5,351.1100"
"000990.SH","全指消费","2014/03/24","5,501.8100","5,517.7000","5,533.3100","5,475.4800"
"000990.SH","全指消费","2014/03/25","5,490.2300","5,486.2900","5,499.2800","5,446.0900"
"000990.SH","全指消费","2014/03/26","5,483.1400","5,459.1500","5,510.1200","5,452.5300"
"000990.SH","全指消费","2014/03/27","5,452.9600","5,368.9900","5,460.6600","5,368.9900"
"000990.SH","全指消费","2014/03/28","5,361.4200","5,290.5300","5,384.4600","5,281.2100"
"000990.SH","全指消费","2014/03/31","5,292.3300","5,304.2700","5,339.6700","5,277.7400"
"000990.SH","全指消费","2014/04/01","5,302.0700","5,402.6700","5,402.8600","5,291.3700"
"000990.SH","全指消费","2014/04/02","5,403.6800","5,402.9700","5,430.4500","5,387.9500"
"000990.SH","全指消费","2014/04/03","5,416.4400","5,378.8800","5,421.9700","5,365.4000"
"000990.SH","全指消费","2014/04/04","5,368.5900","5,434.2400","5,434.5000","5,356.2500"
"000990.SH","全指消费","2014/04/08","5,418.9100","5,523.8200","5,524.0600","5,410.5000"
"000990.SH","全指消费","2014/04/09","5,532.4300","5,547.8700","5,563.5200","5,516.8600"
"000990.SH","全指消费","2014/04/10","5,547.4900","5,596.6600","5,614.9500","5,510.7200"
"000990.SH","全指消费","2014/04/11","5,605.4100","5,650.7100","5,696.0500","5,604.1700"
"000990.SH","全指消费","2014/04/14","5,632.5200","5,665.8600","5,672.6100","5,623.4200"
"000990.SH","全指消费","2014/04/15","5,642.9500","5,620.5500","5,658.6700","5,613.0400"
"000990.SH","全指消费","2014/04/16","5,606.9300","5,612.0000","5,631.4700","5,584.4000"
"000990.SH","全指消费","2014/04/17","5,621.8700","5,613.8800","5,645.2300","5,603.3300"
"000990.SH","全指消费","2014/04/18","5,597.3900","5,629.0700","5,640.0700","5,574.2600"
"000990.SH","全指消费","2014/04/21","5,589.3000","5,521.4900","5,628.6200","5,519.8800"
"000990.SH","全指消费","2014/04/22","5,516.0800","5,510.8400","5,548.8500","5,446.7200"
"000990.SH","全指消费","2014/04/23","5,506.3700","5,541.2000","5,569.3600","5,502.6300"
"000990.SH","全指消费","2014/04/24","5,528.5300","5,512.6800","5,540.8900","5,494.3700"
"000990.SH","全指消费","2014/04/25","5,481.3000","5,362.6600","5,486.3000","5,359.8000"
"000990.SH","全指消费","2014/04/28","5,341.8900","5,220.0000","5,346.2800","5,216.2900"
"000990.SH","全指消费","2014/04/29","5,204.9300","5,291.8000","5,293.5600","5,203.8600"
"000990.SH","全指消费","2014/04/30","5,318.0100","5,337.8700","5,338.7100","5,304.5400"
"000990.SH","全指消费","2014/05/05","5,319.5300","5,368.1300","5,377.1300","5,278.6000"
"000990.SH","全指消费","2014/05/06","5,359.8900","5,385.1900","5,415.2200","5,359.0300"
"000990.SH","全指消费","2014/05/07","5,372.7500","5,309.1700","5,372.7500","5,306.3000"
"000990.SH","全指消费","2014/05/08","5,301.3100","5,296.6600","5,365.9500","5,293.0400"
"000990.SH","全指消费","2014/05/09","5,298.4900","5,264.7100","5,304.1800","5,229.3100"
"000990.SH","全指消费","2014/05/12","5,298.4100","5,353.1900","5,357.2000","5,257.2400"
"000990.SH","全指消费","2014/05/13","5,348.8500","5,362.7500","5,368.3700","5,340.8800"
"000990.SH","全指消费","2014/05/14","5,352.3800","5,321.8500","5,356.0100","5,311.9500"
"000990.SH","全指消费","2014/05/15","5,321.6000","5,244.3200","5,332.6000","5,240.0700"
"000990.SH","全指消费","2014/05/16","5,236.1000","5,235.1800","5,245.5100","5,190.5500"
"000990.SH","全指消费","2014/05/19","5,212.4700","5,179.0000","5,214.5800","5,143.7200"
"000990.SH","全指消费","2014/05/20","5,194.6300","5,157.3200","5,226.5100","5,140.1900"
"000990.SH","全指消费","2014/05/21","5,140.3100","5,226.9300","5,229.4900","5,117.7800"
"000990.SH","全指消费","2014/05/22","5,221.5000","5,198.4900","5,270.8700","5,197.5100"
"000990.SH","全指消费","2014/05/23","5,190.7800","5,237.3000","5,238.1900","5,183.7500"
"000990.SH","全指消费","2014/05/26","5,266.2900","5,280.6600","5,281.6000","5,259.9300"
"000990.SH","全指消费","2014/05/27","5,275.6800","5,255.9300","5,291.7800","5,250.5200"
"000990.SH","全指消费","2014/05/28","5,248.9700","5,280.2500","5,283.0300","5,227.8400"
"000990.SH","全指消费","2014/05/29","5,284.2000","5,250.6700","5,308.7800","5,250.1200"
"000990.SH","全指消费","2014/05/30","5,250.1400","5,257.3700","5,274.6400","5,228.8400"
"000990.SH","全指消费","2014/06/03","5,257.5900","5,202.4500","5,266.1900","5,200.4200"
"000990.SH","全指消费","2014/06/04","5,203.1200","5,166.9900","5,207.2600","5,135.5100"
"000990.SH","全指消费","2014/06/05","5,160.4600","5,218.9400","5,219.9500","5,145.4600"
"000990.SH","全指消费","2014/06/06","5,219.6500","5,185.4000","5,226.7100","5,154.7700"
"000990.SH","全指消费","2014/06/09","5,168.9100","5,170.0800","5,200.7500","5,162.1900"
"000990.SH","全指消费","2014/06/10","5,175.3100","5,210.9500","5,217.3600","5,152.3100"
"000990.SH","全指消费","2014/06/11","5,208.7000","5,233.8000","5,235.0100","5,200.9400"
"000990.SH","全指消费","2014/06/12","5,228.7300","5,234.4000","5,249.6200","5,216.2700"
"000990.SH","全指消费","2014/06/13","5,231.7500","5,256.2700","5,266.6200","5,210.9800"
"000990.SH","全指消费","2014/06/16","5,258.1700","5,269.0800","5,275.2500","5,245.2200"
"000990.SH","全指消费","2014/06/17","5,262.9800","5,217.6600","5,263.3600","5,213.2900"
"000990.SH","全指消费","2014/06/18","5,213.7400","5,176.0600","5,216.5100","5,175.0000"
"000990.SH","全指消费","2014/06/19","5,175.3400","5,088.1600","5,185.8800","5,069.6700"
"000990.SH","全指消费","2014/06/20","5,085.3400","5,112.5900","5,112.6100","5,068.0000"
"000990.SH","全指消费","2014/06/23","5,124.5100","5,142.2800","5,155.9200","5,117.2800"
"000990.SH","全指消费","2014/06/24","5,144.1400","5,212.4500","5,218.2000","5,144.0300"
"000990.SH","全指消费","2014/06/25","5,199.1900","5,180.9700","5,199.1900","5,162.0300"
"000990.SH","全指消费","2014/06/26","5,185.4200","5,223.8300","5,228.4500","5,184.8500"
"000990.SH","全指消费","2014/06/27","5,218.8700","5,244.1900","5,262.1400","5,198.5800"
"000990.SH","全指消费","2014/06/30","5,249.9400","5,276.5900","5,285.6300","5,247.4400"
"000990.SH","全指消费","2014/07/01","5,272.6600","5,277.9100","5,282.6800","5,254.0300"
"000990.SH","全指消费","2014/07/02","5,277.5700","5,281.3700","5,290.6200","5,249.0000"
"000990.SH","全指消费","2014/07/03","5,282.5900","5,317.7400","5,324.8000","5,264.3700"
"000990.SH","全指消费","2014/07/04","5,322.0300","5,320.8300","5,328.4500","5,306.3300"
"000990.SH","全指消费","2014/07/07","5,314.1600","5,305.0500","5,328.0800","5,286.2700"
"000990.SH","全指消费","2014/07/08","5,298.0900","5,317.6100","5,322.0400","5,263.5200"
"000990.SH","全指消费","2014/07/09","5,309.8400","5,232.5700","5,321.5000","5,231.5300"
"000990.SH","全指消费","2014/07/10","5,227.8300","5,210.2000","5,244.9000","5,199.2900"
"000990.SH","全指消费","2014/07/11","5,210.1800","5,236.2200","5,255.5200","5,204.2900"
"000990.SH","全指消费","2014/07/14","5,241.8300","5,356.9200","5,356.9200","5,237.4100"
"000990.SH","全指消费","2014/07/15","5,348.0700","5,442.6500","5,466.8700","5,342.2100"
"000990.SH","全指消费","2014/07/16","5,434.6800","5,413.4900","5,456.4900","5,393.6900"
"000990.SH","全指消费","2014/07/17","5,402.9800","5,364.3100","5,402.9800","5,338.2400"
"000990.SH","全指消费","2014/07/18","5,344.0700","5,444.9400","5,489.8600","5,339.1300"
"000990.SH","全指消费","2014/07/21","5,435.8200","5,449.0700","5,464.8200","5,431.0000"
"000990.SH","全指消费","2014/07/22","5,427.6300","5,507.1400","5,512.4100","5,426.2900"
"000990.SH","全指消费","2014/07/23","5,494.5500","5,485.2000","5,522.3800","5,462.7800"
"000990.SH","全指消费","2014/07/24","5,487.4600","5,501.8400","5,532.6500","5,469.4000"
"000990.SH","全指消费","2014/07/25","5,509.8300","5,543.1800","5,543.5800","5,502.6400"
"000990.SH","全指消费","2014/07/28","5,559.9100","5,649.9100","5,650.2600","5,559.9100"
"000990.SH","全指消费","2014/07/29","5,650.8500","5,643.0800","5,657.8600","5,609.2000"
"000990.SH","全指消费","2014/07/30","5,627.6900","5,643.1100","5,646.9500","5,607.1600"
"000990.SH","全指消费","2014/07/31","5,674.3100","5,730.7100","5,731.2800","5,656.3800"
"000990.SH","全指消费","2014/08/01","5,720.2100","5,749.8800","5,819.0100","5,711.5200"
"000990.SH","全指消费","2014/08/04","5,755.1400","5,835.8500","5,835.8500","5,755.1400"
"000990.SH","全指消费","2014/08/05","5,832.8300","5,839.8800","5,844.1700","5,794.6600"
"000990.SH","全指消费","2014/08/06","5,815.1000","5,822.0200","5,836.1100","5,779.4200"
"000990.SH","全指消费","2014/08/07","5,822.8400","5,731.8700","5,833.5200","5,730.2400"
"000990.SH","全指消费","2014/08/08","5,740.9900","5,761.4200","5,763.9400","5,721.3500"
"000990.SH","全指消费","2014/08/11","5,774.4270","5,850.0120","5,850.0120","5,772.4930"
"000990.SH","全指消费","2014/08/12","5,856.4130","5,865.6130","5,866.3230","5,834.2630"
"000990.SH","全指消费","2014/08/13","5,868.9610","5,879.0480","5,920.0160","5,834.5870"
"000990.SH","全指消费","2014/08/14","5,871.7010","5,827.9070","5,884.2310","5,824.2050"
"000990.SH","全指消费","2014/08/15","5,831.0040","5,888.0080","5,895.9440","5,828.0440"
"000990.SH","全指消费","2014/08/18","5,900.1420","5,922.9990","5,926.6430","5,888.0690"
"000990.SH","全指消费","2014/08/19","5,923.5330","5,926.9220","5,926.9220","5,883.3570"
"000990.SH","全指消费","2014/08/20","5,914.8540","5,941.7130","5,957.6560","5,895.3890"
"000990.SH","全指消费","2014/08/21","5,937.4490","5,913.7690","5,939.8170","5,859.3480"
"000990.SH","全指消费","2014/08/22","5,909.1880","5,925.1190","5,936.6680","5,894.3900"
"000990.SH","全指消费","2014/08/25","5,927.3930","5,885.1790","5,929.7400","5,867.4670"
"000990.SH","全指消费","2014/08/26","5,877.3680","5,818.3270","5,896.7920","5,799.7680"
"000990.SH","全指消费","2014/08/27","5,820.6210","5,814.1670","5,845.2030","5,805.8390"
"000990.SH","全指消费","2014/08/28","5,812.0320","5,789.7610","5,841.0820","5,775.6920"
"000990.SH","全指消费","2014/08/29","5,792.6140","5,856.2150","5,857.3700","5,789.4570"
"000990.SH","全指消费","2014/09/01","5,858.4230","5,910.1450","5,910.5230","5,853.5350"
"000990.SH","全指消费","2014/09/02","5,921.8140","5,990.7400","5,990.7400","5,902.5750"
"000990.SH","全指消费","2014/09/03","5,996.9140","6,034.3990","6,046.7650","5,996.9140"
"000990.SH","全指消费","2014/09/04","6,036.2870","6,058.0110","6,058.7390","6,007.4550"
"000990.SH","全指消费","2014/09/05","6,065.6060","6,103.1290","6,112.4500","6,036.4000"
"000990.SH","全指消费","2014/09/09","6,117.3000","6,107.9420","6,127.2500","6,085.4290"
"000990.SH","全指消费","2014/09/10","6,096.5830","6,117.9170","6,123.7010","6,068.1630"
"000990.SH","全指消费","2014/09/11","6,107.9530","6,070.5260","6,152.3690","6,048.6310"
"000990.SH","全指消费","2014/09/12","6,066.1810","6,101.3850","6,102.0880","6,046.4880"
"000990.SH","全指消费","2014/09/15","6,100.9930","6,124.4220","6,125.4480","6,077.9490"
"000990.SH","全指消费","2014/09/16","6,135.5570","5,965.3370","6,137.0380","5,961.2940"
"000990.SH","全指消费","2014/09/17","5,979.3090","6,017.3510","6,019.4180","5,940.5140"
"000990.SH","全指消费","2014/09/18","6,008.0220","6,066.3130","6,067.3110","5,996.5660"
"000990.SH","全指消费","2014/09/19","6,066.1860","6,119.1200","6,124.9430","6,060.1930"
"000990.SH","全指消费","2014/09/22","6,114.5770","6,012.0170","6,114.5770","5,995.5590"
"000990.SH","全指消费","2014/09/23","6,015.5080","6,070.2970","6,071.0480","6,015.5080"
"000990.SH","全指消费","2014/09/24","6,057.7300","6,152.5530","6,153.1400","6,040.9830"
"000990.SH","全指消费","2014/09/25","6,172.5930","6,132.3830","6,193.6250","6,112.2150"
"000990.SH","全指消费","2014/09/26","6,117.2020","6,170.4120","6,173.1250","6,092.6120"
"000990.SH","全指消费","2014/09/29","6,192.3460","6,216.1250","6,226.0360","6,191.9080"
"000990.SH","全指消费","2014/09/30","6,230.9520","6,234.6030","6,238.6000","6,201.4270"
"000990.SH","全指消费","2014/10/08","6,247.1930","6,318.1920","6,318.1920","6,194.5220"
"000990.SH","全指消费","2014/10/09","6,321.1230","6,321.4280","6,337.8240","6,261.4930"
"000990.SH","全指消费","2014/10/10","6,297.3100","6,262.1320","6,311.8220","6,241.6310"
"000990.SH","全指消费","2014/10/13","6,234.5900","6,204.6500","6,234.5900","6,119.5550"
"000990.SH","全指消费","2014/10/14","6,186.8860","6,189.3090","6,236.2460","6,161.2030"
"000990.SH","全指消费","2014/10/15","6,180.7570","6,218.7400","6,218.7440","6,141.0900"
"000990.SH","全指消费","2014/10/16","6,184.8910","6,148.6310","6,243.5060","6,148.6310"
"000990.SH","全指消费","2014/10/17","6,146.1450","6,153.9600","6,171.7780","6,053.6680"
"000990.SH","全指消费","2014/10/20","6,166.3540","6,194.0970","6,199.3680","6,157.2140"
"000990.SH","全指消费","2014/10/21","6,187.9950","6,150.4570","6,201.4420","6,140.1520"
"000990.SH","全指消费","2014/10/22","6,151.8370","6,071.7350","6,163.6760","6,068.3030"
"000990.SH","全指消费","2014/10/23","6,063.7650","5,982.1840","6,074.7850","5,959.1800"
"000990.SH","全指消费","2014/10/24","5,981.0730","5,981.7400","6,007.6840","5,961.9620"
"000990.SH","全指消费","2014/10/27","5,958.1290","5,998.3860","5,998.8800","5,905.8760"
"000990.SH","全指消费","2014/10/28","6,003.2080","6,071.2240","6,072.0040","6,003.2080"
"000990.SH","全指消费","2014/10/29","6,080.0180","6,110.2440","6,116.8270","6,050.6280"
"000990.SH","全指消费","2014/10/30","6,109.7880","6,107.1510","6,146.8580","6,094.6360"
"000990.SH","全指消费","2014/10/31","6,105.9170","6,108.4610","6,118.8440","6,050.7550"
"000990.SH","全指消费","2014/11/03","6,107.2920","6,117.0560","6,117.3300","6,087.2580"
"000990.SH","全指消费","2014/11/04","6,109.7030","6,042.7410","6,109.7030","6,026.9380"
"000990.SH","全指消费","2014/11/05","6,037.4650","6,011.9410","6,037.6930","5,982.8900"
"000990.SH","全指消费","2014/11/06","6,013.4310","6,035.2210","6,035.5380","5,987.1230"
"000990.SH","全指消费","2014/11/07","6,039.3070","5,980.8630","6,043.6260","5,967.6780"
"000990.SH","全指消费","2014/11/10","5,996.6720","6,103.2310","6,103.4150","5,981.2260"
"000990.SH","全指消费","2014/11/11","6,118.2280","6,032.5490","6,128.8440","5,985.0270"
"000990.SH","全指消费","2014/11/12","6,022.6300","6,117.9670","6,118.0600","6,014.1510"
"000990.SH","全指消费","2014/11/13","6,121.0040","6,104.5670","6,132.8590","6,072.4240"
"000990.SH","全指消费","2014/11/14","6,081.8900","6,156.7010","6,162.3480","6,069.5330"
"000990.SH","全指消费","2014/11/17","6,246.4780","6,174.6570","6,246.4780","6,153.7390"
"000990.SH","全指消费","2014/11/18","6,175.9290","6,133.1350","6,184.3450","6,124.5340"
"000990.SH","全指消费","2014/11/19","6,123.8850","6,126.8150","6,147.8680","6,100.2620"
"000990.SH","全指消费","2014/11/20","6,106.6370","6,092.9310","6,106.6370","6,076.8280"
"000990.SH","全指消费","2014/11/21","6,100.5040","6,143.1420","6,143.1420","6,090.5040"
"000990.SH","全指消费","2014/11/24","6,176.9200","6,178.4850","6,196.3640","6,131.7880"
"000990.SH","全指消费","2014/11/25","6,176.4030","6,247.0870","6,247.2280","6,164.9030"
"000990.SH","全指消费","2014/11/26","6,256.7590","6,279.7870","6,279.7870","6,232.3370"
"000990.SH","全指消费","2014/11/27","6,286.3330","6,304.8870","6,305.3650","6,264.1140"
"000990.SH","全指消费","2014/11/28","6,307.7670","6,287.9470","6,309.8700","6,231.7310"
"000990.SH","全指消费","2014/12/01","6,292.6690","6,373.5460","6,374.6610","6,281.6000"
"000990.SH","全指消费","2014/12/02","6,358.9940","6,427.9420","6,434.3320","6,346.5320"
"000990.SH","全指消费","2014/12/03","6,449.5130","6,537.8760","6,538.5730","6,422.6480"
"000990.SH","全指消费","2014/12/04","6,551.6480","6,672.9070","6,673.4390","6,547.9620"
"000990.SH","全指消费","2014/12/05","6,711.2660","6,496.2710","6,715.9400","6,382.9280"
"000990.SH","全指消费","2014/12/08","6,454.5810","6,549.2310","6,582.5920","6,411.3800"
"000990.SH","全指消费","2014/12/09","6,517.8180","6,408.5030","6,729.9470","6,385.4520"
"000990.SH","全指消费","2014/12/10","6,427.8590","6,650.8940","6,650.8940","6,427.8590"
"000990.SH","全指消费","2014/12/11","6,637.8270","6,657.8780","6,703.2690","6,573.9410"
"000990.SH","全指消费","2014/12/12","6,675.4510","6,706.4920","6,715.2640","6,651.4150"
"000990.SH","全指消费","2014/12/15","6,680.4420","6,797.8450","6,802.9690","6,662.8770"
"000990.SH","全指消费","2014/12/16","6,789.7410","6,732.6240","6,798.0690","6,691.9680"
"000990.SH","全指消费","2014/12/17","6,719.5570","6,619.1010","6,721.4020","6,559.5510"
"000990.SH","全指消费","2014/12/18","6,613.0360","6,639.7950","6,659.2980","6,602.8930"
"000990.SH","全指消费","2014/12/19","6,640.6600","6,614.1200","6,642.9160","6,513.5970"
"000990.SH","全指消费","2014/12/22","6,616.6880","6,622.9830","6,626.9090","6,461.7750"
"000990.SH","全指消费","2014/12/23","6,589.4360","6,587.1630","6,687.2650","6,559.4370"
"000990.SH","全指消费","2014/12/24","6,599.2750","6,590.3060","6,656.5750","6,533.0330"
"000990.SH","全指消费","2014/12/25","6,595.1000","6,642.6160","6,644.0910","6,575.0300"
"000990.SH","全指消费","2014/12/26","6,634.4920","6,676.8230","6,679.0120","6,584.7230"
"000990.SH","全指消费","2014/12/29","6,684.9550","6,663.8600","6,718.3310","6,601.5060"
"000990.SH","全指消费","2014/12/30","6,651.8830","6,599.8410","6,672.7700","6,583.1980"
"000990.SH","全指消费","2014/12/31","6,585.7640","6,655.9960","6,661.1140","6,560.6450"
"000990.SH","全指消费","2015/01/05","6,667.8440","6,891.7930","6,898.1580","6,660.2520"
"000990.SH","全指消费","2015/01/06","6,841.9500","6,942.4830","6,960.1490","6,821.0540"
"000990.SH","全指消费","2015/01/07","6,917.9060","6,879.0640","6,961.9020","6,817.8500"
"000990.SH","全指消费","2015/01/08","6,884.7320","6,883.4200","6,945.7800","6,845.5340"
"000990.SH","全指消费","2015/01/09","6,861.1890","6,812.7830","6,952.6990","6,810.5970"
"000990.SH","全指消费","2015/01/12","6,778.5800","6,753.0060","6,794.5740","6,692.5420"
"000990.SH","全指消费","2015/01/13","6,745.4390","6,769.7130","6,793.7340","6,723.4220"
"000990.SH","全指消费","2015/01/14","6,764.0430","6,689.9010","6,781.4110","6,663.6210"
"000990.SH","全指消费","2015/01/15","6,688.7980","6,744.9360","6,745.0430","6,670.2940"
"000990.SH","全指消费","2015/01/16","6,755.8990","6,807.0000","6,807.9070","6,748.1940"
"000990.SH","全指消费","2015/01/19","6,637.9510","6,514.2010","6,769.6390","6,436.2920"
"000990.SH","全指消费","2015/01/20","6,555.3950","6,683.9930","6,689.4910","6,555.3950"
"000990.SH","全指消费","2015/01/21","6,702.6770","6,839.1060","6,839.1060","6,700.0920"
"000990.SH","全指消费","2015/01/22","6,850.4560","6,878.8990","6,886.9370","6,811.4810"
"000990.SH","全指消费","2015/01/23","6,876.6750","6,824.6250","6,890.2910","6,793.1190"
"000990.SH","全指消费","2015/01/26","6,825.6180","6,953.3950","6,954.3810","6,823.3350"
"000990.SH","全指消费","2015/01/27","6,960.5060","6,957.0380","6,986.2020","6,860.7550"
"000990.SH","全指消费","2015/01/28","6,933.4470","6,894.9910","6,969.8020","6,878.3620"
"000990.SH","全指消费","2015/01/29","6,839.2520","6,823.1510","6,864.4090","6,783.5450"
"000990.SH","全指消费","2015/01/30","6,844.5960","6,807.2400","6,885.4460","6,784.9430"
"000990.SH","全指消费","2015/02/02","6,761.4880","6,737.8870","6,800.7480","6,727.1780"
"000990.SH","全指消费","2015/02/03","6,771.2340","6,806.2370","6,806.2370","6,727.0810"
"000990.SH","全指消费","2015/02/04","6,813.7950","6,754.4080","6,840.4560","6,749.9740"
"000990.SH","全指消费","2015/02/05","6,816.8670","6,695.6280","6,833.2040","6,695.6280"
"000990.SH","全指消费","2015/02/06","6,695.7080","6,614.6530","6,715.6670","6,586.3990"
"000990.SH","全指消费","2015/02/09","6,618.5140","6,677.0740","6,706.3090","6,617.0650"
"000990.SH","全指消费","2015/02/10","6,683.2330","6,725.7850","6,725.7850","6,682.3140"
"000990.SH","全指消费","2015/02/11","6,731.5410","6,804.4930","6,804.8650","6,730.0630"
"000990.SH","全指消费","2015/02/12","6,817.1340","6,865.4520","6,868.3630","6,808.3150"
"000990.SH","全指消费","2015/02/13","6,890.5860","6,927.1470","6,974.1970","6,890.5860"
"000990.SH","全指消费","2015/02/16","6,944.1310","6,992.2530","6,993.0910","6,942.8890"
"000990.SH","全指消费","2015/02/17","7,003.0370","6,993.8990","7,015.5230","6,987.2360"
"000990.SH","全指消费","2015/02/25","7,004.3010","6,969.0760","7,004.3220","6,941.3170"
"000990.SH","全指消费","2015/02/26","6,965.4500","7,054.7630","7,063.1000","6,961.7170"
"000990.SH","全指消费","2015/02/27","7,056.1690","7,101.1190","7,112.0310","7,054.1960"
"000990.SH","全指消费","2015/03/02","7,109.7240","7,159.9040","7,159.9040","7,072.5320"
"000990.SH","全指消费","2015/03/03","7,130.9320","7,068.4970","7,149.6350","7,063.0060"
"000990.SH","全指消费","2015/03/04","7,086.0890","7,215.7120","7,216.3000","7,085.5780"
"000990.SH","全指消费","2015/03/05","7,222.2160","7,244.0010","7,256.9120","7,207.2150"
"000990.SH","全指消费","2015/03/06","7,277.6330","7,195.3320","7,286.8270","7,189.6780"
"000990.SH","全指消费","2015/03/09","7,197.3380","7,342.7800","7,345.7530","7,154.7350"
"000990.SH","全指消费","2015/03/10","7,352.6890","7,376.4830","7,382.4450","7,340.8260"
"000990.SH","全指消费","2015/03/11","7,376.3090","7,362.5280","7,416.8980","7,338.1760"
"000990.SH","全指消费","2015/03/12","7,374.8450","7,361.8470","7,385.2350","7,320.6210"
"000990.SH","全指消费","2015/03/13","7,364.6000","7,420.9960","7,421.8390","7,348.9290"
"000990.SH","全指消费","2015/03/16","7,487.6030","7,618.8650","7,621.0140","7,475.6920"
"000990.SH","全指消费","2015/03/17","7,650.7010","7,709.2280","7,721.0230","7,629.3050"
"000990.SH","全指消费","2015/03/18","7,719.9530","7,838.8430","7,840.0340","7,700.9610"
"000990.SH","全指消费","2015/03/19","7,849.7130","7,813.4070","7,849.7130","7,752.8160"
"000990.SH","全指消费","2015/03/20","7,808.5660","7,846.9310","7,876.4690","7,798.8930"
"000990.SH","全指消费","2015/03/23","7,871.5740","7,992.7670","7,992.9760","7,871.5740"
"000990.SH","全指消费","2015/03/24","8,003.4230","8,002.8640","8,004.8290","7,807.9290"
"000990.SH","全指消费","2015/03/25","7,978.1360","8,095.0020","8,138.7120","7,946.3270"
"000990.SH","全指消费","2015/03/26","8,080.1970","8,162.8740","8,194.4010","8,035.1760"
"000990.SH","全指消费","2015/03/27","8,160.9710","8,175.3040","8,200.8780","8,129.5330"
"000990.SH","全指消费","2015/03/30","8,202.8810","8,241.1380","8,267.1820","8,167.4010"
"000990.SH","全指消费","2015/03/31","8,251.6830","8,203.7320","8,311.5960","8,182.6840"
"000990.SH","全指消费","2015/04/01","8,210.1150","8,336.2870","8,358.4370","8,209.8260"
"000990.SH","全指消费","2015/04/02","8,382.1520","8,445.5240","8,485.6820","8,341.6750"
"000990.SH","全指消费","2015/04/03","8,404.2960","8,536.6350","8,537.4020","8,374.0230"
"000990.SH","全指消费","2015/04/07","8,564.1800","8,745.1070","8,745.3840","8,562.3830"
"000990.SH","全指消费","2015/04/08","8,771.6390","8,737.7820","8,861.5830","8,587.3630"
"000990.SH","全指消费","2015/04/09","8,726.1080","8,638.7030","8,732.1570","8,416.5360"
"000990.SH","全指消费","2015/04/10","8,628.3230","8,899.7670","8,901.3520","8,603.4810"
"000990.SH","全指消费","2015/04/13","8,956.2870","9,042.6040","9,071.8510","8,906.0430"
"000990.SH","全指消费","2015/04/14","9,053.2600","9,063.6990","9,182.4700","8,990.9920"
"000990.SH","全指消费","2015/04/15","9,059.1500","8,785.0940","9,059.7080","8,780.3510"
"000990.SH","全指消费","2015/04/16","8,739.0860","9,108.6990","9,160.5900","8,688.7980"
"000990.SH","全指消费","2015/04/17","9,190.0290","9,140.9890","9,270.4730","9,077.1890"
"000990.SH","全指消费","2015/04/20","9,119.3890","9,010.0380","9,256.4810","8,984.2330"
"000990.SH","全指消费","2015/04/21","9,049.5280","9,436.7230","9,436.7230","9,039.8460"
"000990.SH","全指消费","2015/04/22","9,543.7450","9,626.3600","9,629.2500","9,491.6770"
"000990.SH","全指消费","2015/04/23","9,664.3090","9,619.6670","9,687.4850","9,508.9720"
"000990.SH","全指消费","2015/04/24","9,519.6190","9,614.8580","9,655.4380","9,454.5550"
"000990.SH","全指消费","2015/04/27","9,692.7070","9,684.9390","9,802.1070","9,608.1190"
"000990.SH","全指消费","2015/04/28","9,687.2760","9,357.6460","9,696.4750","9,273.2180"
"000990.SH","全指消费","2015/04/29","9,316.7090","9,513.9010","9,519.5120","9,314.8270"
"000990.SH","全指消费","2015/04/30","9,553.6510","9,498.9520","9,588.3960","9,497.0050"
"000990.SH","全指消费","2015/05/04","9,511.6940","9,601.3300","9,601.3300","9,442.7880"
"000990.SH","全指消费","2015/05/05","9,576.3070","9,261.0050","9,586.6850","9,219.9780"
"000990.SH","全指消费","2015/05/06","9,331.3150","9,149.2250","9,401.2930","9,097.2200"
"000990.SH","全指消费","2015/05/07","9,136.5560","9,061.3300","9,192.4840","9,052.8050"
"000990.SH","全指消费","2015/05/08","9,133.3960","9,313.7290","9,316.7430","9,108.9240"
"000990.SH","全指消费","2015/05/11","9,374.9850","9,592.3940","9,592.3940","9,270.9440"
"000990.SH","全指消费","2015/05/12","9,607.9430","9,749.6720","9,756.2380","9,577.0100"
"000990.SH","全指消费","2015/05/13","9,739.4360","9,881.1310","9,973.8780","9,664.7610"
"000990.SH","全指消费","2015/05/14","9,877.9880","9,860.5710","9,928.5940","9,812.7420"
"000990.SH","全指消费","2015/05/15","9,857.8540","9,763.7260","9,857.8540","9,658.7320"
"000990.SH","全指消费","2015/05/18","9,732.1460","9,820.8610","9,861.0760","9,692.6570"
"000990.SH","全指消费","2015/05/19","9,840.7050","10,077.2400","10,077.7600","9,797.3740"
"000990.SH","全指消费","2015/05/20","10,104.5600","10,170.7100","10,346.5500","10,102.2200"
"000990.SH","全指消费","2015/05/21","10,212.5900","10,546.1000","10,548.0900","10,209.6600"
"000990.SH","全指消费","2015/05/22","10,694.5300","10,775.1900","10,779.1000","10,529.4700"
"000990.SH","全指消费","2015/05/25","10,713.5200","11,113.2800","11,115.3500","10,698.6300"
"000990.SH","全指消费","2015/05/26","11,144.1400","11,365.3900","11,384.5700","11,039.4200"
"000990.SH","全指消费","2015/05/27","11,408.0100","11,477.7300","11,524.0200","11,216.2500"
"000990.SH","全指消费","2015/05/28","11,499.1200","10,786.9200","11,651.6000","10,775.6100"
"000990.SH","全指消费","2015/05/29","10,731.1000","10,798.3900","11,008.9700","10,293.5500"
"000990.SH","全指消费","2015/06/01","10,887.4000","11,333.0900","11,336.1700","10,849.9500"
"000990.SH","全指消费","2015/06/02","11,405.7400","11,650.8400","11,652.6900","11,309.9000"
"000990.SH","全指消费","2015/06/03","11,662.5500","11,572.9900","11,672.3500","11,332.8000"
"000990.SH","全指消费","2015/06/04","11,588.2100","11,449.1200","11,592.3300","10,773.9600"
"000990.SH","全指消费","2015/06/05","11,559.9300","11,607.3600","11,705.0200","11,309.2400"
"000990.SH","全指消费","2015/06/08","11,662.0100","11,748.8600","11,786.9300","11,447.9300"
"000990.SH","全指消费","2015/06/09","11,740.4600","11,688.3200","11,800.9400","11,579.6000"
"000990.SH","全指消费","2015/06/10","11,622.9600","11,922.1500","12,046.6300","11,503.6600"
"000990.SH","全指消费","2015/06/11","11,938.0400","12,102.0100","12,111.5500","11,844.9000"
"000990.SH","全指消费","2015/06/12","12,196.2000","12,316.6400","12,429.9400","12,190.2300"
"000990.SH","全指消费","2015/06/15","12,353.2600","12,119.1500","12,426.8000","12,086.2600"
"000990.SH","全指消费","2015/06/16","11,983.0200","11,716.7600","12,038.5200","11,587.9100"
"000990.SH","全指消费","2015/06/17","11,672.0000","11,882.0800","11,908.6000","11,320.9300"
"000990.SH","全指消费","2015/06/18","11,839.0200","11,452.2700","11,943.1200","11,439.5500"
"000990.SH","全指消费","2015/06/19","11,198.9100","10,629.4900","11,296.1200","10,625.4000"
"000990.SH","全指消费","2015/06/23","10,631.1100","10,905.1300","10,912.6800","10,077.6900"
"000990.SH","全指消费","2015/06/24","10,979.6700","11,226.5400","11,227.9500","10,890.4000"
"000990.SH","全指消费","2015/06/25","11,265.8700","10,900.7500","11,321.9300","10,757.4200"
"000990.SH","全指消费","2015/06/26","10,573.6300","10,041.7900","10,648.6700","9,944.9530"
"000990.SH","全指消费","2015/06/29","10,301.7200","9,657.2600","10,306.7600","9,270.0900"
"000990.SH","全指消费","2015/06/30","9,544.7710","10,157.0900","10,170.4400","9,154.9790"
"000990.SH","全指消费","2015/07/01","10,017.4300","9,689.2400","10,429.3700","9,646.4310"
"000990.SH","全指消费","2015/07/02","9,646.6510","9,129.7290","9,711.3000","8,999.5250"
"000990.SH","全指消费","2015/07/03","8,853.6080","8,589.4090","9,230.4680","8,398.0800"
"000990.SH","全指消费","2015/07/06","9,280.0620","8,593.6850","9,280.0620","8,200.6600"
"000990.SH","全指消费","2015/07/07","8,308.1200","8,112.9110","8,414.3130","8,020.3870"
"000990.SH","全指消费","2015/07/08","7,579.0890","7,701.7520","7,812.1100","7,527.3120"
"000990.SH","全指消费","2015/07/09","7,644.3940","8,181.0940","8,189.5000","7,639.0440"
"000990.SH","全指消费","2015/07/10","8,426.2570","8,693.1500","8,752.1710","8,355.5980"
"000990.SH","全指消费","2015/07/13","8,914.2950","9,094.1580","9,179.7660","8,795.1170"
"000990.SH","全指消费","2015/07/14","9,177.4510","9,037.9390","9,351.4580","8,964.6440"
"000990.SH","全指消费","2015/07/15","8,959.4130","8,643.9670","9,034.0710","8,516.0840"
"000990.SH","全指消费","2015/07/16","8,538.8010","8,807.7070","8,975.6000","8,361.3730"
"000990.SH","全指消费","2015/07/17","8,866.3330","9,229.6170","9,304.4820","8,841.6960"
"000990.SH","全指消费","2015/07/20","9,259.7010","9,334.3170","9,469.9160","9,159.6210"
"000990.SH","全指消费","2015/07/21","9,275.4160","9,485.7680","9,550.4670","9,163.4300"
"000990.SH","全指消费","2015/07/22","9,517.9520","9,574.4000","9,607.2050","9,323.6210"
"000990.SH","全指消费","2015/07/23","9,601.5070","9,783.8470","9,811.5140","9,542.3880"
"000990.SH","全指消费","2015/07/24","9,798.8430","9,590.2610","9,885.1470","9,517.0550"
"000990.SH","全指消费","2015/07/27","9,408.9310","8,852.4200","9,678.1490","8,846.1880"
"000990.SH","全指消费","2015/07/28","8,531.2520","8,859.7230","9,019.9100","8,348.4270"
"000990.SH","全指消费","2015/07/29","8,952.6980","9,198.0600","9,207.8500","8,722.8790"
"000990.SH","全指消费","2015/07/30","9,145.7010","8,948.6510","9,311.1170","8,910.3600"
"000990.SH","全指消费","2015/07/31","8,845.3630","8,888.5960","9,019.1080","8,780.4750"
"000990.SH","全指消费","2015/08/03","8,774.3890","8,777.0030","8,908.4740","8,620.4500"
"000990.SH","全指消费","2015/08/04","8,777.7190","9,133.6040","9,134.3990","8,736.6100"
"000990.SH","全指消费","2015/08/05","9,116.7780","8,994.0150","9,197.1250","8,920.9670"
"000990.SH","全指消费","2015/08/06","8,824.0660","8,898.7130","9,002.4910","8,797.3210"
"000990.SH","全指消费","2015/08/07","8,983.6070","9,098.7310","9,124.7410","8,966.3150"
"000990.SH","全指消费","2015/08/10","9,193.2400","9,490.5930","9,536.7140","9,160.7370"
"000990.SH","全指消费","2015/08/11","9,501.7960","9,497.6580","9,607.6610","9,423.2260"
"000990.SH","全指消费","2015/08/12","9,417.1230","9,419.5270","9,582.9700","9,393.0860"
"000990.SH","全指消费","2015/08/13","9,400.4070","9,543.1830","9,545.0940","9,273.2060"
"000990.SH","全指消费","2015/08/14","9,591.7850","9,611.0780","9,686.4580","9,534.5560"
"000990.SH","全指消费","2015/08/17","9,551.0660","9,779.3070","9,807.3280","9,529.9550"
"000990.SH","全指消费","2015/08/18","9,767.2400","9,136.4000","9,785.0770","9,096.6150"
"000990.SH","全指消费","2015/08/19","8,893.0070","9,333.7050","9,382.4130","8,772.8880"
"000990.SH","全指消费","2015/08/20","9,249.6650","9,046.9170","9,330.4840","9,045.6720"
"000990.SH","全指消费","2015/08/21","8,918.9920","8,628.6230","9,004.5220","8,598.3440"
"000990.SH","全指消费","2015/08/24","8,289.0740","7,925.1450","8,312.5330","7,919.9900"
"000990.SH","全指消费","2015/08/25","7,443.4200","7,471.9560","7,775.1310","7,418.6140"
"000990.SH","全指消费","2015/08/26","7,515.2250","7,451.4120","7,820.8540","7,303.4070"
"000990.SH","全指消费","2015/08/27","7,602.0740","7,800.9780","7,804.5920","7,427.4630"
"000990.SH","全指消费","2015/08/28","7,875.1300","8,108.1690","8,132.6430","7,786.6820"
"000990.SH","全指消费","2015/08/31","8,001.3590","7,910.4950","8,001.3590","7,797.8450"
"000990.SH","全指消费","2015/09/01","7,797.5590","7,650.2790","7,798.4800","7,503.2290"
"000990.SH","全指消费","2015/09/02","7,348.2030","7,564.4870","7,727.3120","7,340.5050"
"000990.SH","全指消费","2015/09/07","7,568.3070","7,447.0470","7,774.5440","7,403.3770"
"000990.SH","全指消费","2015/09/08","7,381.7060","7,639.6960","7,661.5650","7,293.0900"
"000990.SH","全指消费","2015/09/09","7,652.1830","7,801.4070","7,859.9330","7,629.2230"
"000990.SH","全指消费","2015/09/10","7,681.3580","7,704.5350","7,815.8320","7,645.9190"
"000990.SH","全指消费","2015/09/11","7,674.1360","7,692.0960","7,751.3430","7,589.3180"
"000990.SH","全指消费","2015/09/14","7,720.1860","7,416.6100","7,758.3390","7,304.3470"
"000990.SH","全指消费","2015/09/15","7,258.9360","7,136.3510","7,357.6430","7,080.0080"
"000990.SH","全指消费","2015/09/16","7,147.5000","7,545.7660","7,626.5520","7,115.9140"
"000990.SH","全指消费","2015/09/17","7,495.9440","7,343.7990","7,630.4870","7,340.7930"
"000990.SH","全指消费","2015/09/18","7,389.7700","7,405.7450","7,442.4670","7,318.7490"
"000990.SH","全指消费","2015/09/21","7,341.1070","7,575.3660","7,583.6990","7,312.4280"
"000990.SH","全指消费","2015/09/22","7,592.0180","7,628.7710","7,686.6400","7,555.5370"
"000990.SH","全指消费","2015/09/23","7,525.0050","7,502.7350","7,591.6040","7,464.8690"
"000990.SH","全指消费","2015/09/24","7,526.9640","7,559.1770","7,577.1390","7,485.2390"
"000990.SH","全指消费","2015/09/25","7,548.2520","7,409.1560","7,599.0880","7,364.6240"
"000990.SH","全指消费","2015/09/28","7,399.8780","7,467.1730","7,467.3550","7,300.1180"
"000990.SH","全指消费","2015/09/29","7,365.5320","7,400.0190","7,455.8200","7,350.5750"
"000990.SH","全指消费","2015/09/30","7,423.3260","7,403.3030","7,451.9060","7,376.7900"
"000990.SH","全指消费","2015/10/08","7,633.8020","7,666.4040","7,715.9740","7,605.0340"
"000990.SH","全指消费","2015/10/09","7,644.6520","7,711.0790","7,739.9780","7,622.6620"
"000990.SH","全指消费","2015/10/12","7,733.2510","7,928.2000","8,040.3460","7,733.2510"
"000990.SH","全指消费","2015/10/13","7,877.0800","7,972.1250","7,987.6410","7,847.8240"
"000990.SH","全指消费","2015/10/14","7,952.5710","7,867.0730","7,995.1850","7,858.8990"
"000990.SH","全指消费","2015/10/15","7,842.0770","8,066.5080","8,067.3250","7,841.4210"
"000990.SH","全指消费","2015/10/16","8,117.5130","8,168.1130","8,173.6790","8,018.3510"
"000990.SH","全指消费","2015/10/19","8,187.2420","8,146.7550","8,208.9430","8,067.1870"
"000990.SH","全指消费","2015/10/20","8,126.4870","8,210.9370","8,211.7360","8,066.5200"
"000990.SH","全指消费","2015/10/21","8,221.4180","7,829.4720","8,262.6450","7,783.4470"
"000990.SH","全指消费","2015/10/22","7,818.7350","8,061.7410","8,068.9570","7,812.7660"
"000990.SH","全指消费","2015/10/23","8,108.1440","8,240.9640","8,269.6290","8,090.4250"
"000990.SH","全指消费","2015/10/26","8,308.5730","8,298.7880","8,348.4150","8,185.9440"
"000990.SH","全指消费","2015/10/27","8,251.2890","8,274.0850","8,300.4090","8,020.0340"
"000990.SH","全指消费","2015/10/28","8,230.1120","8,122.4720","8,301.1360","8,097.7610"
"000990.SH","全指消费","2015/10/29","8,171.5710","8,204.9500","8,266.1880","8,131.9770"
"000990.SH","全指消费","2015/10/30","8,240.1710","8,221.7810","8,302.8540","8,150.1320"
"000990.SH","全指消费","2015/11/02","8,101.7310","8,101.4170","8,274.1560","8,046.6770"
"000990.SH","全指消费","2015/11/03","8,123.0270","8,107.0610","8,191.4190","8,063.1360"
"000990.SH","全指消费","2015/11/04","8,136.8520","8,421.2470","8,422.0320","8,136.8520"
"000990.SH","全指消费","2015/11/05","8,416.2540","8,430.5730","8,546.9030","8,384.8110"
"000990.SH","全指消费","2015/11/06","8,432.6700","8,540.9740","8,545.8000","8,416.2510"
"000990.SH","全指消费","2015/11/09","8,527.1930","8,651.3130","8,696.2000","8,466.7260"
"000990.SH","全指消费","2015/11/10","8,622.0240","8,633.4190","8,690.0810","8,555.5400"
"000990.SH","全指消费","2015/11/11","8,634.9860","8,691.4270","8,700.0530","8,587.7540"
"000990.SH","全指消费","2015/11/12","8,718.3980","8,681.3320","8,731.8870","8,603.1210"
"000990.SH","全指消费","2015/11/13","8,612.0800","8,504.0440","8,630.8620","8,469.7670"
"000990.SH","全指消费","2015/11/16","8,368.6580","8,581.6270","8,584.0440","8,359.7700"
"000990.SH","全指消费","2015/11/17","8,640.5250","8,576.7440","8,723.3860","8,546.0470"
"000990.SH","全指消费","2015/11/18","8,575.6040","8,536.6420","8,630.5430","8,519.0240"
"000990.SH","全指消费","2015/11/19","8,549.3060","8,642.5050","8,643.0500","8,524.2270"
"000990.SH","全指消费","2015/11/20","8,655.0350","8,682.5060","8,698.2820","8,606.0280"
"000990.SH","全指消费","2015/11/23","8,680.4280","8,657.0980","8,733.6800","8,632.6200"
"000990.SH","全指消费","2015/11/24","8,649.8860","8,696.8380","8,697.8710","8,567.6140"
"000990.SH","全指消费","2015/11/25","8,691.9300","8,830.3590","8,831.1930","8,674.6340"
"000990.SH","全指消费","2015/11/26","8,856.0810","8,803.5830","8,874.3400","8,782.9500"
"000990.SH","全指消费","2015/11/27","8,771.6550","8,404.2270","8,780.1590","8,348.2840"
"000990.SH","全指消费","2015/11/30","8,416.7570","8,436.4060","8,480.0340","8,132.1750"
"000990.SH","全指消费","2015/12/01","8,424.7890","8,478.7130","8,514.6330","8,375.9140"
"000990.SH","全指消费","2015/12/02","8,494.2010","8,581.1330","8,597.2480","8,421.8520"
"000990.SH","全指消费","2015/12/03","8,549.3600","8,672.3960","8,674.7340","8,545.2650"
"000990.SH","全指消费","2015/12/04","8,632.1300","8,638.2710","8,670.4780","8,572.4580"
"000990.SH","全指消费","2015/12/07","8,648.7080","8,697.4300","8,706.4230","8,598.4480"
"000990.SH","全指消费","2015/12/08","8,658.4180","8,502.4350","8,658.4180","8,499.2960"
"000990.SH","全指消费","2015/12/09","8,477.1970","8,511.5520","8,558.2280","8,461.5470"
"000990.SH","全指消费","2015/12/10","8,517.7600","8,488.3930","8,566.9810","8,467.9670"
"000990.SH","全指消费","2015/12/11","8,464.7000","8,405.9050","8,464.7000","8,357.9770"
"000990.SH","全指消费","2015/12/14","8,342.2320","8,554.3020","8,556.1460","8,325.0480"
"000990.SH","全指消费","2015/12/15","8,565.7250","8,612.4560","8,624.9980","8,560.8270"
"000990.SH","全指消费","2015/12/16","8,632.6730","8,609.7370","8,668.5400","8,595.8810"
"000990.SH","全指消费","2015/12/17","8,646.0360","8,783.0070","8,783.5340","8,646.0360"
"000990.SH","全指消费","2015/12/18","8,782.3730","8,871.4380","8,875.6120","8,751.1290"
"000990.SH","全指消费","2015/12/21","8,878.4700","9,194.5740","9,216.5290","8,878.4700"
"000990.SH","全指消费","2015/12/22","9,257.0340","9,249.7620","9,291.3370","9,146.4400"
"000990.SH","全指消费","2015/12/23","9,247.8860","9,155.7080","9,295.0460","9,129.0040"
"000990.SH","全指消费","2015/12/24","9,129.6860","9,107.8160","9,164.9750","8,985.2240"
"000990.SH","全指消费","2015/12/25","9,111.9410","9,111.7720","9,136.8310","9,051.3960"
"000990.SH","全指消费","2015/12/28","9,137.9340","8,888.2040","9,158.9180","8,886.6470"
"000990.SH","全指消费","2015/12/29","8,873.4970","8,970.3220","8,973.6040","8,829.8840"
"000990.SH","全指消费","2015/12/30","8,978.7260","9,010.0560","9,010.5940","8,927.3020"
"000990.SH","全指消费","2015/12/31","9,020.3130","8,937.2480","9,043.6160","8,931.1570"
"000990.SH","全指消费","2016/01/04","8,911.2030","8,256.8600","8,911.2030","8,254.2630"
"000990.SH","全指消费","2016/01/05","7,992.3420","8,243.2630","8,357.4640","7,975.0270"
"000990.SH","全指消费","2016/01/06","8,266.0830","8,392.4870","8,393.3140","8,196.9400"
"000990.SH","全指消费","2016/01/07","8,255.7990","7,766.6270","8,255.7990","7,743.5580"
"000990.SH","全指消费","2016/01/08","7,945.4100","7,899.1040","8,031.4430","7,566.8140"
"000990.SH","全指消费","2016/01/11","7,769.7970","7,469.5930","7,886.7330","7,468.4650"
"000990.SH","全指消费","2016/01/12","7,490.9190","7,468.4870","7,560.8570","7,357.5090"
"000990.SH","全指消费","2016/01/13","7,525.1200","7,307.4350","7,609.1860","7,307.4350"
"000990.SH","全指消费","2016/01/14","7,120.7620","7,484.9320","7,504.7940","7,108.3530"
"000990.SH","全指消费","2016/01/15","7,437.6440","7,242.6040","7,494.8540","7,196.9080"
"000990.SH","全指消费","2016/01/18","7,112.1240","7,306.2020","7,382.1400","7,110.1750"
"000990.SH","全指消费","2016/01/19","7,294.0680","7,566.4460","7,569.6030","7,280.2160"
"000990.SH","全指消费","2016/01/20","7,513.8040","7,439.1490","7,595.9440","7,390.7050"
"000990.SH","全指消费","2016/01/21","7,339.2060","7,217.1130","7,507.7010","7,216.8760"
"000990.SH","全指消费","2016/01/22","7,298.0560","7,292.5080","7,339.7820","7,119.6730"
"000990.SH","全指消费","2016/01/25","7,342.2450","7,377.3990","7,411.9460","7,300.7330"
"000990.SH","全指消费","2016/01/26","7,305.7550","6,942.2500","7,366.3980","6,918.5880"
"000990.SH","全指消费","2016/01/27","6,978.0210","6,896.6570","7,003.7450","6,613.9140"
"000990.SH","全指消费","2016/01/28","6,851.0830","6,706.7280","6,924.1970","6,680.4650"
"000990.SH","全指消费","2016/01/29","6,695.8950","6,925.5540","6,975.9550","6,683.8860"
"000990.SH","全指消费","2016/02/01","6,914.4820","6,885.8500","6,975.7650","6,806.8430"
"000990.SH","全指消费","2016/02/02","6,892.8560","7,052.4980","7,069.3200","6,892.8560"
"000990.SH","全指消费","2016/02/03","6,975.2310","7,043.6840","7,064.5570","6,921.6880"
"000990.SH","全指消费","2016/02/04","7,068.7620","7,141.5310","7,179.0040","7,065.4950"
"000990.SH","全指消费","2016/02/05","7,153.7880","7,095.5630","7,174.8670","7,094.0470"
"000990.SH","全指消费","2016/02/15","6,892.8210","7,041.0870","7,073.5380","6,886.1360"
"000990.SH","全指消费","2016/02/16","7,072.9130","7,279.6700","7,289.7830","7,072.9130"
"000990.SH","全指消费","2016/02/17","7,266.6990","7,341.1920","7,346.7030","7,231.9470"
"000990.SH","全指消费","2016/02/18","7,374.4610","7,313.0000","7,390.6580","7,297.7310"
"000990.SH","全指消费","2016/02/19","7,294.9410","7,336.5740","7,363.6660","7,271.1420"
"000990.SH","全指消费","2016/02/22","7,409.4980","7,471.7480","7,475.6860","7,383.2720"
"000990.SH","全指消费","2016/02/23","7,468.7820","7,475.9040","7,505.0830","7,377.9160"
"000990.SH","全指消费","2016/02/24","7,451.1890","7,542.6360","7,546.0830","7,411.0430"
"000990.SH","全指消费","2016/02/25","7,525.0660","7,041.5010","7,525.0890","7,017.9570"
"000990.SH","全指消费","2016/02/26","7,082.5750","7,106.0230","7,156.9250","6,973.7680"
"000990.SH","全指消费","2016/02/29","7,103.5880","6,867.0110","7,104.3380","6,759.8100"
"000990.SH","全指消费","2016/03/01","6,873.5430","6,996.6040","7,019.0200","6,821.9800"
"000990.SH","全指消费","2016/03/02","6,981.7480","7,259.3410","7,274.0360","6,980.1090"
"000990.SH","全指消费","2016/03/03","7,244.1590","7,314.8230","7,365.6320","7,227.5590"
"000990.SH","全指消费","2016/03/04","7,283.0090","7,328.4930","7,354.1920","7,148.0970"
"000990.SH","全指消费","2016/03/07","7,356.7810","7,400.8660","7,470.5940","7,322.0450"
"000990.SH","全指消费","2016/03/08","7,381.8490","7,355.9250","7,381.8490","7,135.8580"
"000990.SH","全指消费","2016/03/09","7,223.1070","7,234.2540","7,306.1430","7,172.4130"
"000990.SH","全指消费","2016/03/10","7,234.3160","7,214.3190","7,330.0950","7,208.8940"
"000990.SH","全指消费","2016/03/11","7,153.7210","7,185.9920","7,243.4630","7,106.2550"
"000990.SH","全指消费","2016/03/14","7,248.2770","7,306.8000","7,399.8040","7,241.2580"
"000990.SH","全指消费","2016/03/15","7,284.3280","7,339.0940","7,357.4510","7,241.5950"
"000990.SH","全指消费","2016/03/16","7,333.1610","7,265.8260","7,353.9720","7,225.8800"
"000990.SH","全指消费","2016/03/17","7,290.2790","7,389.3850","7,436.5250","7,267.7100"
"000990.SH","全指消费","2016/03/18","7,419.3060","7,543.8300","7,585.6290","7,409.2010"
"000990.SH","全指消费","2016/03/21","7,596.7830","7,701.7300","7,702.6190","7,589.7850"
"000990.SH","全指消费","2016/03/22","7,658.2010","7,708.1400","7,769.3020","7,620.7570"
"000990.SH","全指消费","2016/03/23","7,695.3780","7,736.5710","7,753.3920","7,662.6310"
"000990.SH","全指消费","2016/03/24","7,701.7990","7,700.0040","7,805.1570","7,649.0120"
"000990.SH","全指消费","2016/03/25","7,691.7270","7,774.0700","7,794.3560","7,689.8770"
"000990.SH","全指消费","2016/03/28","7,805.4850","7,828.6960","7,965.7930","7,794.8730"
"000990.SH","全指消费","2016/03/29","7,822.9210","7,686.9300","7,829.3800","7,638.5250"
"000990.SH","全指消费","2016/03/30","7,736.7630","7,877.5120","7,878.3110","7,736.6170"
"000990.SH","全指消费","2016/03/31","7,913.9470","7,887.1620","7,939.0430","7,860.6360"
"000990.SH","全指消费","2016/04/01","7,865.5430","7,838.5220","7,889.5510","7,740.8200"
"000990.SH","全指消费","2016/04/05","7,831.6960","7,986.3190","7,998.2260","7,827.6990"
"000990.SH","全指消费","2016/04/06","7,967.6530","8,053.9410","8,054.7560","7,953.6430"
"000990.SH","全指消费","2016/04/07","8,067.8320","7,919.1770","8,080.9710","7,916.6850"
"000990.SH","全指消费","2016/04/08","7,867.7280","7,842.3630","7,893.7690","7,766.3410"
"000990.SH","全指消费","2016/04/11","7,901.5230","7,935.0520","7,990.1700","7,901.5230"
"000990.SH","全指消费","2016/04/12","7,929.2470","7,878.8680","7,939.9660","7,819.2100"
"000990.SH","全指消费","2016/04/13","7,900.3250","7,936.8570","8,026.8570","7,900.3250"
"000990.SH","全指消费","2016/04/14","7,970.0600","8,009.4720","8,010.0980","7,922.6290"
"000990.SH","全指消费","2016/04/15","8,008.0840","8,006.6640","8,024.4640","7,967.1830"
"000990.SH","全指消费","2016/04/18","7,969.9820","7,924.4670","7,969.9820","7,892.4660"
"000990.SH","全指消费","2016/04/19","7,961.9510","7,934.0460","7,980.4540","7,886.9230"
"000990.SH","全指消费","2016/04/20","7,948.7730","7,670.7180","7,962.0530","7,547.0140"
"000990.SH","全指消费","2016/04/21","7,655.6290","7,640.3750","7,742.4440","7,628.5310"
"000990.SH","全指消费","2016/04/22","7,610.4330","7,723.9470","7,724.3720","7,592.7070"
"000990.SH","全指消费","2016/04/25","7,709.1550","7,704.1540","7,731.4960","7,634.6890"
"000990.SH","全指消费","2016/04/26","7,699.5180","7,773.2270","7,773.6980","7,692.4120"
"000990.SH","全指消费","2016/04/27","7,779.6610","7,783.8850","7,833.6470","7,770.9860"
"000990.SH","全指消费","2016/04/28","7,786.0540","7,764.4600","7,796.7650","7,666.0850"
"000990.SH","全指消费","2016/04/29","7,765.6850","7,856.4180","7,899.6760","7,760.7660"
"000990.SH","全指消费","2016/05/03","7,864.7320","8,167.7770","8,171.6780","7,857.9350"
"000990.SH","全指消费","2016/05/04","8,151.0300","8,138.4040","8,219.9700","8,124.1170"
"000990.SH","全指消费","2016/05/05","8,131.6420","8,174.4040","8,178.1600","8,110.2090"
"000990.SH","全指消费","2016/05/06","8,164.4630","7,881.9480","8,186.8410","7,881.9480"
"000990.SH","全指消费","2016/05/09","7,818.3430","7,744.5000","7,828.3200","7,704.0420"
"000990.SH","全指消费","2016/05/10","7,714.6970","7,836.9680","7,872.5520","7,710.7350"
"000990.SH","全指消费","2016/05/11","7,870.6510","8,011.9130","8,139.9490","7,868.6120"
"000990.SH","全指消费","2016/05/12","7,902.7160","7,949.8980","7,967.5400","7,760.9560"
"000990.SH","全指消费","2016/05/13","7,920.2530","7,894.2650","8,051.6630","7,838.2580"
"000990.SH","全指消费","2016/05/16","7,865.6510","8,031.4620","8,032.3170","7,825.0810"
"000990.SH","全指消费","2016/05/17","8,037.0760","7,939.8350","8,042.7010","7,926.1630"
"000990.SH","全指消费","2016/05/18","7,882.0950","7,764.7580","7,890.1640","7,680.3610"
"000990.SH","全指消费","2016/05/19","7,758.1730","7,755.3360","7,836.9000","7,738.6870"
"000990.SH","全指消费","2016/05/20","7,710.5110","7,815.4820","7,816.2590","7,679.7760"
"000990.SH","全指消费","2016/05/23","7,815.0570","7,898.8820","7,899.4300","7,814.5260"
"000990.SH","全指消费","2016/05/24","7,898.9490","7,806.9090","7,899.4610","7,753.0460"
"000990.SH","全指消费","2016/05/25","7,849.8250","7,753.3240","7,867.0900","7,719.4800"
"000990.SH","全指消费","2016/05/26","7,733.6900","7,735.9240","7,764.9800","7,592.3850"
"000990.SH","全指消费","2016/05/27","7,716.1170","7,728.7220","7,762.1740","7,688.0970"
"000990.SH","全指消费","2016/05/30","7,686.7150","7,702.6890","7,737.0100","7,610.9260"
"000990.SH","全指消费","2016/05/31","7,697.9710","7,958.3530","7,960.9720","7,697.9710"
"000990.SH","全指消费","2016/06/01","7,961.9520","7,979.1590","7,997.6280","7,945.2500"
"000990.SH","全指消费","2016/06/02","7,973.2260","8,031.8580","8,032.0040","7,965.0600"
"000990.SH","全指消费","2016/06/03","8,035.6350","8,215.9600","8,254.4400","8,032.2800"
"000990.SH","全指消费","2016/06/06","8,212.6490","8,170.0040","8,222.5400","8,123.0260"
"000990.SH","全指消费","2016/06/07","8,173.4200","8,199.3960","8,200.8180","8,148.7930"
"000990.SH","全指消费","2016/06/08","8,180.9650","8,117.2560","8,185.4500","8,076.0650"
"000990.SH","全指消费","2016/06/13","8,035.0770","7,858.5560","8,102.9410","7,858.5560"
"000990.SH","全指消费","2016/06/14","7,833.8110","7,960.5330","7,960.7410","7,833.8110"
"000990.SH","全指消费","2016/06/15","7,881.1300","8,128.6520","8,157.8390","7,866.5380"
